id,name,type1,type2,property1,property2,property3,property4,Hp,At,Bl,Co,De,Sp,sum
1,フシギダネ,くさ,どく,しんりょく,,,ようりょくそ,45,49,49,65,65,45,318
2,フシギソウ,くさ,どく,しんりょく,,,ようりょくそ,60,62,63,80,80,60,405
3,フシギバナ,くさ,どく,しんりょく,,,ようりょくそ,80,82,83,100,100,80,525
4,メガフシギバナ,くさ,どく,あついしぼう,,,,80,100,123,122,120,80,625
5,ヒトカゲ,ほのお,,もうか,,,サンパワー,39,52,43,60,50,65,309
6,リザード,ほのお,,もうか,,,サンパワー,58,64,58,80,65,80,405
7,リザードン,ほのお,ひこう,もうか,,,サンパワー,78,84,78,109,85,100,534
8,メガリザードンX,ほのお,ドラゴン,かたいツメ,,,,78,130,111,130,85,100,634
9,メガリザードンY,ほのお,ひこう,ひでり,,,,78,104,78,159,115,100,634
10,ゼニガメ,みず,,げきりゅう,,,あめうけざら,44,48,65,50,64,43,314
11,カメール,みず,,げきりゅう,,,あめうけざら,59,63,80,65,80,58,405
12,カメックス,みず,,げきりゅう,,,あめうけざら,79,83,100,85,105,78,530
13,メガカメックス,みず,,メガランチャー,,,,79,103,120,135,115,78,630
14,キャタピー,むし,,りんぷん,,,にげあし,45,30,35,20,20,45,195
15,トランセル,むし,,だっぴ,,,,50,20,55,25,25,30,205
16,バタフリー,むし,ひこう,ふくがん,,,いろめがね,60,45,50,90,80,70,395
17,ビードル,むし,どく,りんぷん,,,にげあし,40,35,30,20,20,50,195
18,コクーン,むし,どく,だっぴ,,,,45,25,50,25,25,35,205
19,スピアー,むし,どく,むしのしらせ,,,スナイパー,65,90,40,45,80,75,395
20,メガスピアー,むし,どく,てきおうりょく,,,,65,150,40,15,80,145,495
21,ポッポ,ノーマル,ひこう,するどいめ, ちどりあし,,はとむね,40,45,40,35,35,56,251
22,ピジョン,ノーマル,ひこう,するどいめ, ちどりあし,,はとむね,63,60,55,50,50,71,349
23,ピジョット,ノーマル,ひこう,するどいめ, ちどりあし,,はとむね,83,80,75,70,70,101,479
24,メガピジョット,ノーマル,ひこう,ノーガード,,,,83,80,80,135,80,121,579
25,コラッタ,ノーマル,,にげあし, こんじょう,,はりきり,30,56,35,25,35,72,253
26,コラッタ:A,あく,ノーマル,くいしんぼう, はりきり,,あついしぼう,30,56,35,25,35,72,253
27,ラッタ,ノーマル,,にげあし, こんじょう,,はりきり,55,81,60,50,70,97,413
28,ラッタ:A,あく,ノーマル,くいしんぼう, はりきり,,あついしぼう,75,71,70,40,80,77,413
29,オニスズメ,ノーマル,ひこう,するどいめ,,,スナイパー,40,60,30,31,31,70,262
30,オニドリル,ノーマル,ひこう,するどいめ,,,スナイパー,65,90,65,61,61,100,442
31,アーボ,どく,,いかく, だっぴ,,きんちょうかん,35,60,44,40,54,55,288
32,アーボック,どく,,いかく, だっぴ,,きんちょうかん,60,95,69,65,79,80,448
33,ピカチュウ,でんき,,せいでんき,,,ひらいしん,35,55,40,50,50,90,320
34,ライチュウ,でんき,,せいでんき,,,ひらいしん,60,90,55,90,80,110,485
35,ライチュウ:A,でんき,エスパー,サーフテール,,,,60,85,50,95,85,110,485
36,サンド,じめん,,すながくれ,,,すなかき,50,75,85,20,30,40,300
37,サンド:A,こおり,はがね,ゆきがくれ,,,ゆきかき,50,75,90,10,35,40,300
38,サンドパン,じめん,,すながくれ,,,すなかき,75,100,110,45,55,65,450
39,サンドパン:A,こおり,はがね,ゆきがくれ,,,ゆきかき,75,100,120,25,65,65,450
40,ニドラン♀,どく,,どくのトゲ, とうそうしん,,はりきり,55,47,52,40,40,41,275
41,ニドリーナ,どく,,どくのトゲ, とうそうしん,,はりきり,70,62,67,55,55,56,365
42,ニドクイン,どく,じめん,どくのトゲ, とうそうしん,,ちからずく,90,92,87,75,85,76,505
43,ニドラン♂,どく,,どくのトゲ, とうそうしん,,はりきり,46,57,40,40,40,50,273
44,ニドリーノ,どく,,どくのトゲ, とうそうしん,,はりきり,61,72,57,55,55,65,365
45,ニドキング,どく,じめん,どくのトゲ, とうそうしん,,ちからずく,81,102,77,85,75,85,505
46,ピッピ,フェアリー,,メロメロボディ, マジックガード,,フレンドガード,70,45,48,60,65,35,323
47,ピクシー,フェアリー,,メロメロボディ, マジックガード,,てんねん,95,70,73,95,90,60,483
48,ロコン,ほのお,,もらいび,,,ひでり,38,41,40,50,65,65,299
49,ロコン:A,こおり,,ゆきがくれ,,,ゆきふらし,38,41,40,50,65,65,299
50,キュウコン,ほのお,,もらいび,,,ひでり,73,76,75,81,100,100,505
51,キュウコン:A,こおり,フェアリー,ゆきがくれ,,,ゆきふらし,73,67,75,81,100,109,505
52,プリン,ノーマル,フェアリー,メロメロボディ, かちき,,フレンドガード,115,45,20,45,25,20,270
53,プクリン,ノーマル,フェアリー,メロメロボディ, かちき,,おみとおし,140,70,45,85,50,45,435
54,ズバット,どく,ひこう,せいしんりょく,,,すりぬけ,40,45,35,30,40,55,245
55,ゴルバット,どく,ひこう,せいしんりょく,,,すりぬけ,75,80,70,65,75,90,455
56,ナゾノクサ,くさ,どく,ようりょくそ,,,にげあし,45,50,55,75,65,30,320
57,クサイハナ,くさ,どく,ようりょくそ,,,あくしゅう,60,65,70,85,75,40,395
58,ラフレシア,くさ,どく,ようりょくそ,,,ほうし,75,80,85,110,90,50,490
59,パラス,むし,くさ,ほうし, かんそうはだ,,しめりけ,35,70,55,45,55,25,285
60,パラセクト,むし,くさ,ほうし, かんそうはだ,,しめりけ,60,95,80,60,80,30,405
61,コンパン,むし,どく,ふくがん, いろめがね,,にげあし,60,55,50,40,55,45,305
62,モルフォン,むし,どく,りんぷん, いろめがね,,ミラクルスキン,70,65,60,90,75,90,450
63,ディグダ,じめん,,すながくれ, ありじごく,,すなのちから,10,55,25,35,45,95,265
64,ディグダ:A,じめん,はがね,すながくれ, カーリーヘアー,,すなのちから,10,55,30,35,45,90,265
65,ダグトリオ,じめん,,すながくれ, ありじごく,,すなのちから,35,100,50,50,70,120,425
66,ダグドリオ:A,じめん,はがね,すながくれ, カーリーヘアー,,すなのちから,35,100,60,50,70,110,425
67,ニャース,ノーマル,,ものひろい, テクニシャン,,きんちょうかん,40,45,35,40,40,90,290
68,ニャース:A,あく,,ものひろい, テクニシャン,,びびり,40,35,35,50,40,90,290
69,ニャース:G,はがね,,ものひろい,かたいツメ,,きんちょうかん,50,65,55,40,40,40,290
70,ペルシアン,ノーマル,,じゅうなん, テクニシャン,,きんちょうかん,65,70,60,65,65,115,440
71,ペルシアン:A,あく,,ファーコート, テクニシャン,,びびり,65,60,60,75,65,115,440
72,コダック,みず,,しめりけ, ノーてんき,,すいすい,50,52,48,65,50,55,320
73,ゴルダック,みず,,しめりけ, ノーてんき,,すいすい,80,82,78,95,80,85,500
74,マンキー,かくとう,,やるき, いかりのつぼ,,まけんき,40,80,35,35,45,70,305
75,オコリザル,かくとう,,やるき, いかりのつぼ,,まけんき,65,105,60,60,70,95,455
76,ガーディ,ほのお,,いかく, もらいび,,せいぎのこころ,55,70,45,70,50,60,350
77,ガーディ:H,ほのお,いわ,いかく, もらいび,,いしあたま,60,75,45,65,50,55,350
78,ウインディ,ほのお,,いかく, もらいび,,せいぎのこころ,90,110,80,100,80,95,555
79,ウインディ:H,ほのお,いわ,いかく, もらいび,,いしあたま,95,115,80,95,80,90,555
80,ニョロモ,みず,,ちょすい, しめりけ,,すいすい,40,50,40,40,40,90,300
81,ニョロゾ,みず,,ちょすい, しめりけ,,すいすい,65,65,65,50,50,90,385
82,ニョロボン,みず,かくとう,ちょすい, しめりけ,,すいすい,90,95,95,70,90,70,510
83,ケーシィ,エスパー,,シンクロ, せいしんりょく,,マジックガード,25,20,15,105,55,90,310
84,ユンゲラー,エスパー,,シンクロ, せいしんりょく,,マジックガード,40,35,30,120,70,105,400
85,フーディン,エスパー,,シンクロ, せいしんりょく,,マジックガード,55,50,45,135,95,120,500
86,メガフーディン,エスパー,,トレース,,,,55,50,65,175,105,150,600
87,ワンリキー,かくとう,,こんじょう, ノーガード,,ふくつのこころ,70,80,50,35,35,35,305
88,ゴーリキー,かくとう,,こんじょう, ノーガード,,ふくつのこころ,80,100,70,50,60,45,405
89,カイリキー,かくとう,,こんじょう, ノーガード,,ふくつのこころ,90,130,80,65,85,55,505
90,マダツボミ,くさ,どく,ようりょくそ,,,くいしんぼう,50,75,35,70,30,40,300
91,ウツドン,くさ,どく,ようりょくそ,,,くいしんぼう,65,90,50,85,45,55,390
92,ウツボット,くさ,どく,ようりょくそ,,,くいしんぼう,80,105,65,100,70,70,490
93,メノクラゲ,みず,どく,クリアボディ, ヘドロえき,,あめうけざら,40,40,35,50,100,70,335
94,ドククラゲ,みず,どく,クリアボディ, ヘドロえき,,あめうけざら,80,70,65,80,120,100,515
95,イシツブテ,いわ,じめん,いしあたま, がんじょう,,すながくれ,40,80,100,30,30,20,300
96,イシツブテ:A,いわ,でんき,じりょく, がんじょう,,エレキスキン,40,80,100,30,30,20,300
97,ゴローン,いわ,じめん,いしあたま, がんじょう,,すながくれ,55,95,115,45,45,35,390
98,ゴローン:A,いわ,でんき,じりょく, がんじょう,,エレキスキン,55,95,115,45,45,35,390
99,ゴローニャ,いわ,じめん,いしあたま, がんじょう,,すながくれ,80,120,130,55,65,45,495
100,ゴローニャ:A,いわ,でんき,じりょく, がんじょう,,エレキスキン,80,120,130,55,65,45,495
101,ポニータ,ほのお,,にげあし, もらいび,,ほのおのからだ,50,85,55,65,65,90,410
102,ポニータ:G,エスパー,,にげあし,パステルベール,,きけんよち,50,85,55,65,65,90,410
103,ギャロップ,ほのお,,にげあし, もらいび,,ほのおのからだ,65,100,70,80,80,105,500
104,ギャロップ:G,エスパー,フェアリー,にげあし,パステルベール,,きけんよち,65,100,70,80,80,105,500
105,ヤドン,みず,エスパー,どんかん, マイペース,,さいせいりょく,90,65,65,40,40,15,315
106,ヤドン:G,どく,エスパー,くいしんぼう,マイペース,,さいせいりょく,90,65,65,40,40,15,315
107,ヤドラン,みず,エスパー,どんかん, マイペース,,さいせいりょく,95,75,110,100,80,30,490
108,ヤドラン:G,どく,エスパー,クイックドロウ,マイペース,,さいせいりょく,95,100,95,100,70,30,490
109,メガヤドラン,みず,エスパー,シェルアーマー,,,,95,75,180,130,80,30,590
110,コイル,でんき,はがね,じりょく, がんじょう,,アナライズ,25,35,70,95,55,45,325
111,レアコイル,でんき,はがね,じりょく, がんじょう,,アナライズ,50,60,95,120,70,70,465
112,カモネギ,ノーマル,ひこう,するどいめ, せいしんりょく,,まけんき,52,90,55,58,62,60,377
113,カモネギ:G,かくとう,,ふくつのこころ,,,きもったま,52,95,55,58,62,55,377
114,ドードー,ノーマル,ひこう,にげあし, はやおき,,ちどりあし,35,85,45,35,35,75,310
115,ドードリオ,ノーマル,ひこう,にげあし, はやおき,,ちどりあし,60,110,70,60,60,110,470
116,パウワウ,みず,,あついしぼう, うるおいボディ,,アイスボディ,65,45,55,45,70,45,325
117,ジュゴン,みず,こおり,あついしぼう, うるおいボディ,,アイスボディ,90,70,80,70,95,70,475
118,ベトベター,どく,,あくしゅう, ねんちゃく,,どくしゅ,80,80,50,40,50,25,325
119,ベトベター:A,どく,あく,どくしゅ, くいしんぼう,,かがくのちから,80,80,50,40,50,25,325
120,ベトベトン,どく,,あくしゅう, ねんちゃく,,どくしゅ,105,105,75,65,100,50,500
121,ベトベトン:A,どく,あく,どくしゅ, くいしんぼう,,かがくのちから,105,105,75,65,100,50,500
122,シェルダー,みず,,シェルアーマー, スキルリンク,,ぼうじん,30,65,100,45,25,40,305
123,パルシェン,みず,こおり,シェルアーマー, スキルリンク,,ぼうじん,50,95,180,85,45,70,525
124,ゴース,ゴースト,どく,ふゆう,,,,30,35,30,100,35,80,310
125,ゴースト,ゴースト,どく,ふゆう,,,,45,50,45,115,55,95,405
126,ゲンガー,ゴースト,どく,のろわれボディ,,,,60,65,60,130,75,110,500
127,メガゲンガー,ゴースト,どく,かげふみ,,,,60,65,80,170,95,130,600
128,イワーク,いわ,じめん,いしあたま, がんじょう,,くだけるよろい,35,45,160,30,45,70,385
129,スリープ,エスパー,,ふみん, よちむ,,せいしんりょく,60,48,45,43,90,42,328
130,スリーパー　,エスパー,,ふみん, よちむ,,せいしんりょく,85,73,70,73,115,67,483
131,クラブ,みず,,かいりきバサミ, シェルアーマー,,ちからずく,30,105,90,25,25,50,325
132,キングラー,みず,,かいりきバサミ, シェルアーマー,,ちからずく,55,130,115,50,50,75,475
133,ビリリダマ,でんき,,ぼうおん, せいでんき,,ゆうばく,40,30,50,55,55,100,330
134,ビリリダマ:H,でんき,くさ,ぼうおん, せいでんき,,ゆうばく,40,30,50,55,55,100,330
135,マルマイン,でんき,,ぼうおん, せいでんき,,ゆうばく,60,50,70,80,80,150,490
136,マルマイン:H,でんき,くさ,ぼうおん, せいでんき,,ゆうばく,60,50,70,80,80,150,490
137,タマタマ,くさ,エスパー,ようりょくそ,,,しゅうかく,60,40,80,60,45,40,325
138,ナッシー,くさ,エスパー,ようりょくそ,,,しゅうかく,95,95,85,125,75,55,530
139,ナッシー:A,くさ,ドラゴン,おみとおし,,,しゅうかく,95,105,85,125,75,45,530
140,カラカラ,じめん,,いしあたま, ひらいしん,,カブトアーマー,50,50,95,40,50,35,320
141,ガラガラ,じめん,,いしあたま, ひらいしん,,カブトアーマー,60,80,110,50,80,45,425
142,ガラガラ:A,ほのお,ゴースト,のろわれボディ, ひらいしん,,いしあたま,60,80,110,50,80,45,425
143,サワムラー,かくとう,,じゅうなん, すてみ,,かるわざ,50,120,53,35,110,87,455
144,エビワラー,かくとう,,するどいめ, てつのこぶし,,せいしんりょく,50,105,79,35,110,76,455
145,ベロリンガ,ノーマル,,マイペース, どんかん,,ノーてんき,90,55,75,60,75,30,385
146,ドガース,どく,,ふゆう,かがくへんかガス,,あくしゅう,40,65,95,60,45,35,340
147,マタドガス,どく,,ふゆう,かがくへんかガス,,あくしゅう,65,90,120,85,70,60,490
148,マタドガス:G,どく,フェアリー,ふゆう,かがくへんかガス,,ミストメイカー,65,90,120,85,70,60,490
149,サイホーン,じめん,いわ,ひらいしん, いしあたま,,すてみ,80,85,95,30,30,25,345
150,サイドン,じめん,いわ,ひらいしん, いしあたま,,すてみ,105,130,120,45,45,40,485
151,ラッキー,ノーマル,,しぜんかいふく, てんのめぐみ,,いやしのこころ,250,5,5,35,105,50,450
152,モンジャラ,くさ,,ようりょくそ, リーフガード,,さいせいりょく,65,55,115,100,40,60,435
153,ガルーラ,ノーマル,,はやおき, きもったま,,せいしんりょく,105,95,80,40,80,90,490
154,メガガルーラ,ノーマル,,おやこあい,,,,105,125,100,60,100,100,590
155,タッツー,みず,,すいすい, スナイパー,,しめりけ,30,40,70,70,25,60,295
156,シードラ,みず,,どくのトゲ, スナイパー,,しめりけ,55,65,95,95,45,85,440
157,トサキント,みず,,すいすい, みずのベール,,ひらいしん,45,67,60,35,50,63,320
158,アズマオウ,みず,,すいすい, みずのベール,,ひらいしん,80,92,65,65,80,68,450
159,ヒトデマン,みず,,はっこう, しぜんかいふく,,アナライズ,30,45,55,70,55,85,340
160,スターミー,みず,エスパー,はっこう, しぜんかいふく,,アナライズ,60,75,85,100,85,115,520
161,バリヤード,エスパー,フェアリー,ぼうおん, フィルター,,テクニシャン,40,45,65,100,120,90,460
162,バリヤード:G,こおり,エスパー,やるき,バリアフリー,,アイスボディ,50,65,65,90,90,100,460
163,ストライク,むし,ひこう,むしのしらせ, テクニシャン,,ふくつのこころ,70,110,80,55,80,105,500
164,ルージュラ,こおり,エスパー,どんかん, よちむ,,かんそうはだ,65,50,35,115,95,95,455
165,エレブー,でんき,,せいでんき,,,やるき,65,83,57,95,85,105,490
166,ブーバー,ほのお,,ほのおのからだ,,,やるき,65,95,57,100,85,93,495
167,カイロス,むし,,かいりきバサミ, かたやぶり,,じしんかじょう,65,125,100,55,70,85,500
168,メガカイロス,むし,ひこう,スカイスキン,,,,65,155,120,65,90,105,600
169,ケンタロス,ノーマル,,いかく, いかりのつぼ,,ちからずく,75,100,95,40,70,110,490
170,ケンタロス:P,かくとう,,いかく, いかりのつぼ,,はんすう,75,110,105,30,70,100,490
171,ケンタロス:P,かくとう,ほのお,いかく, いかりのつぼ,,はんすう,75,110,105,30,70,100,490
172,ケンタロス:P,かくとう,みず,いかく, いかりのつぼ,,はんすう,75,110,105,30,70,100,490
173,コイキング,みず,,すいすい,,,びびり,20,10,55,15,20,80,200
174,ギャラドス,みず,ひこう,いかく,,,じしんかじょう,95,125,79,60,100,81,540
175,メガギャラドス,みず,あく,かたやぶり,,,,95,155,109,70,130,81,640
176,ラプラス,みず,こおり,ちょすい, シェルアーマー,,うるおいボディ,130,85,80,85,95,60,535
177,メタモン,ノーマル,,じゅうなん,,,かわりもの,48,48,48,48,48,48,288
178,イーブイ,ノーマル,,にげあし, てきおうりょく,,きけんよち,55,55,50,45,65,55,325
179,シャワーズ,みず,,ちょすい,,,うるおいボディ,130,65,60,110,95,65,525
180,サンダース,でんき,,ちくでん,,,はやあし,65,65,60,110,95,130,525
181,ブースター,ほのお,,もらいび,,,こんじょう,65,130,60,95,110,65,525
182,ポリゴン,ノーマル,,トレース, ダウンロード,,アナライズ,65,60,70,85,75,40,395
183,オムナイト,いわ,みず,すいすい, シェルアーマー,,くだけるよろい,35,40,100,90,55,35,355
184,オムスター,いわ,みず,すいすい, シェルアーマー,,くだけるよろい,70,60,125,115,70,55,495
185,カブト,いわ,みず,すいすい, カブトアーマー,,くだけるよろい,30,80,90,55,45,55,355
186,カブトプス,いわ,みず,すいすい, カブトアーマー,,くだけるよろい,60,115,105,65,70,80,495
187,プテラ,いわ,ひこう,いしあたま, プレッシャー,,きんちょうかん,80,105,65,60,75,130,515
188,メガプテラ,いわ,ひこう,かたいツメ,,,,80,135,85,70,95,150,615
189,カビゴン,ノーマル,,めんえき, あついしぼう,,くいしんぼう,160,110,65,65,110,30,540
190,フリーザー,こおり,ひこう,プレッシャー,,,ゆきがくれ,90,85,100,95,125,85,580
191,フリーザー:G,ひこう,エスパー,かちき,,,,90,85,85,125,100,95,580
192,サンダー,でんき,ひこう,プレッシャー,,,せいでんき,90,90,85,125,90,100,580
193,サンダー:G,ひこう,かくとう,まけんき,,,,90,125,90,85,90,100,580
194,ファイヤー,ほのお,ひこう,プレッシャー,,,ほのおのからだ,90,100,90,125,85,90,580
195,ファイヤー:G,ひこう,あく,ぎゃくじょう,,,,90,85,90,100,125,90,580
196,ミニリュウ,ドラゴン,,だっぴ,,,ふしぎなうろこ,41,64,45,50,50,50,300
197,ハクリュー,ドラゴン,,だっぴ,,,ふしぎなうろこ,61,84,65,70,70,70,420
198,カイリュー,ドラゴン,ひこう,せいしんりょく,,,マルチスケイル,91,134,95,100,100,80,600
199,ミュウツー,エスパー,,プレッシャー,,,きんちょうかん,106,110,90,154,90,130,680
200,メガミュウツーX,エスパー,かくとう,ふくつのこころ,,,,106,190,100,154,100,130,780
201,メガミュウツーY,エスパー,,ふみん,,,,106,150,70,194,120,140,780
202,ミュウ,エスパー,,シンクロ,,,,100,100,100,100,100,100,600
203,チコリータ,くさ,,しんりょく,,,リーフガード,45,49,65,49,65,45,318
204,ベイリーフ,くさ,,しんりょく,,,リーフガード,60,62,80,63,80,60,405
205,メガニウム,くさ,,しんりょく,,,リーフガード,80,82,100,83,100,80,525
206,ヒノアラシ,ほのお,,もうか,,,もらいび,39,52,43,60,50,65,309
207,マグマラシ,ほのお,,もうか,,,もらいび,58,64,58,80,65,80,405
208,バクフーン,ほのお,,もうか,,,もらいび,78,84,78,109,85,100,534
209,バクフーン:H,ほのお,ゴースト,もうか,,,おみとおし,73,84,78,119,85,95,534
210,ワニノコ,みず,,げきりゅう,,,ちからずく,50,65,64,44,48,43,314
211,アリゲイツ,みず,,げきりゅう,,,ちからずく,65,80,80,59,63,58,405
212,オーダイル,みず,,げきりゅう,,,ちからずく,85,105,100,79,83,78,530
213,オタチ,ノーマル,,にげあし, するどいめ,,おみとおし,35,46,34,35,45,20,215
214,オオタチ,ノーマル,,にげあし, するどいめ,,おみとおし,85,76,64,45,55,90,415
215,ホーホー,ノーマル,ひこう,ふみん, するどいめ,,いろめがね,60,30,30,36,56,50,262
216,ヨルノズク,ノーマル,ひこう,ふみん, するどいめ,,いろめがね,100,50,50,86,96,70,452
217,レディバ,むし,ひこう,むしのしらせ, はやおき,,びびり,40,20,30,40,80,55,265
218,レディアン,むし,ひこう,むしのしらせ, はやおき,,てつのこぶし,55,35,50,55,110,85,390
219,イトマル,むし,どく,むしのしらせ, ふみん,,スナイパー,40,60,40,40,40,30,250
220,アリアドス,むし,どく,むしのしらせ, ふみん,,スナイパー,70,90,70,60,70,40,400
221,クロバット,どく,ひこう,せいしんりょく,,,すりぬけ,85,90,80,70,80,130,535
222,チョンチー,みず,でんき,ちくでん, はっこう,,ちょすい,75,38,38,56,56,67,330
223,ランターン,みず,でんき,ちくでん, はっこう,,ちょすい,125,58,58,76,76,67,460
224,ピチュー,でんき,,せいでんき,,,ひらいしん,20,40,15,35,35,60,205
225,ピィ,フェアリー,,メロメロボディ, マジックガード,,フレンドガード,50,25,28,45,55,15,218
226,ププリン,ノーマル,フェアリー,メロメロボディ, かちき,,フレンドガード,90,30,15,40,20,15,210
227,トゲピー,フェアリー,,はりきり, てんのめぐみ,,きょううん,35,20,65,40,65,20,245
228,トゲチック,フェアリー,ひこう,はりきり, てんのめぐみ,,きょううん,55,40,85,80,105,40,405
229,ネイティ,エスパー,ひこう,シンクロ, はやおき,,マジックミラー,40,50,45,70,45,70,320
230,ネイティオ,エスパー,ひこう,シンクロ, はやおき,,マジックミラー,65,75,70,95,70,95,470
231,メリープ,でんき,,せいでんき,,,プラス,55,40,40,65,45,35,280
232,モココ,でんき,,せいでんき,,,プラス,70,55,55,80,60,45,365
233,デンリュウ,でんき,,せいでんき,,,プラス,90,75,85,115,90,55,510
234,メガデンリュウ,でんき,ドラゴン,かたやぶり,,,,90,95,105,165,110,45,610
235,キレイハナ,くさ,,ようりょくそ,,,いやしのこころ,75,80,95,90,100,50,490
236,マリル,みず,フェアリー,あついしぼう, ちからもち,,そうしょく,70,20,50,20,50,40,250
237,マリルリ,みず,フェアリー,あついしぼう, ちからもち,,そうしょく,100,50,80,60,80,50,420
238,ウソッキー,いわ,,がんじょう, いしあたま,,びびり,70,100,115,30,65,30,410
239,ニョロトノ,みず,,ちょすい, しめりけ,,あめふらし,90,75,75,90,100,70,500
240,ハネッコ,くさ,ひこう,ようりょくそ, リーフガード,,すりぬけ,35,35,40,35,55,50,250
241,ポポッコ,くさ,ひこう,ようりょくそ, リーフガード,,すりぬけ,55,45,50,45,65,80,340
242,ワタッコ,くさ,ひこう,ようりょくそ, リーフガード,,すりぬけ,75,55,70,55,95,110,460
243,エイパム,ノーマル,,にげあし, ものひろい,,スキルリンク,55,70,55,40,55,85,360
244,ヒマナッツ,くさ,,ようりょくそ, サンパワー,,はやおき,30,30,30,30,30,30,180
245,キマワリ,くさ,,ようりょくそ, サンパワー,,はやおき,75,75,55,105,85,30,425
246,ヤンヤンマ,むし,ひこう,かそく, ふくがん,,おみとおし,65,65,45,75,45,95,390
247,ウパー,みず,じめん,しめりけ, ちょすい,,てんねん,55,45,45,25,25,15,210
248,ウパー:P,どく,じめん,どくのトゲ, ちょすい,,てんねん,55,45,45,25,25,15,210
249,ヌオー,みず,じめん,しめりけ, ちょすい,,てんねん,95,85,85,65,65,35,430
250,エーフィ,エスパー,,シンクロ,,,マジックミラー,65,65,60,130,95,110,525
251,ブラッキー,あく,,シンクロ,,,せいしんりょく,95,65,110,60,130,65,525
252,ヤミカラス,あく,ひこう,ふみん, きょううん,,いたずらごころ,60,85,42,85,42,91,405
253,ヤドキング,みず,エスパー,どんかん, マイペース,,さいせいりょく,95,75,80,100,110,30,490
254,ヤドキング:G,どく,エスパー,きみょうなくすり,,,さいせいりょく,95,65,80,110,110,30,490
255,ムウマ,ゴースト,,ふゆう,,,,60,60,60,85,85,85,435
256,アンノーン,エスパー,,ふゆう,,,,48,72,48,72,48,48,336
257,ソーナンス,エスパー,,かげふみ,,,テレパシー,190,33,58,33,58,33,405
258,キリンリキ,ノーマル,エスパー,せいしんりょく, はやおき,,そうしょく,70,80,65,90,65,85,455
259,クヌギダマ,むし,,がんじょう,,,ぼうじん,50,65,90,35,35,15,290
260,フォレトス,むし,はがね,がんじょう,,,ぼうじん,75,90,140,60,60,40,465
261,ノコッチ,ノーマル,,てんのめぐみ, にげあし,,びびり,100,70,70,65,65,45,415
262,グライガー,じめん,ひこう,かいりきバサミ, すながくれ,,めんえき,65,75,105,35,65,85,430
263,ハガネール,はがね,じめん,いしあたま, がんじょう,,ちからずく,75,85,200,55,65,30,510
264,メガハガネール,はがね,じめん,すなのちから,,,,75,125,230,55,95,30,610
265,ブルー,フェアリー,,いかく, にげあし,,びびり,60,80,50,40,40,30,300
266,グランブル,フェアリー,,いかく, はやあし,,びびり,90,120,75,60,60,45,450
267,ハリーセン,みず,どく,どくのトゲ, すいすい,,いかく,65,95,85,55,55,85,440
268,ハリーセン:H,あく,どく,どくのトゲ, すいすい,,いかく,65,95,85,55,55,85,440
269,ハッサム,むし,はがね,むしのしらせ, テクニシャン,,ライトメタル,70,130,100,55,80,65,500
270,メガハッサム,むし,はがね,テクニシャン,,,,70,150,140,65,100,75,600
271,ツボツボ,むし,いわ,がんじょう, くいしんぼう,,あまのじゃく,20,10,230,10,230,5,505
272,ヘラクロス,むし,かくとう,むしのしらせ, こんじょう,,じしんかじょう,80,125,75,40,95,85,500
273,メガヘラクロス,むし,かくとう,スキルリンク,,,,80,185,115,40,105,75,600
274,ニューラ,あく,こおり,せいしんりょく, するどいめ,,わるいてぐせ,55,95,55,35,75,115,430
275,ニューラ:H,かくとう,どく,せいしんりょく, するどいめ,,わるいてぐせ,55,95,55,35,75,115,430
276,ヒメグマ,ノーマル,,ものひろい, はやあし,,みつあつめ,60,80,50,50,50,40,330
277,リングマ,ノーマル,,こんじょう, はやあし,,きんちょうかん,90,130,75,75,75,55,500
278,マグマッグ,ほのお,,マグマのよろい, ほのおのからだ,,くだけるよろい,40,40,40,70,40,20,250
279,マグカルゴ,ほのお,いわ,マグマのよろい, ほのおのからだ,,くだけるよろい,60,50,120,90,80,30,430
280,ウリムー,こおり,じめん,どんかん, ゆきがくれ,,あついしぼう,50,50,40,30,30,50,250
281,イノムー,こおり,じめん,どんかん, ゆきがくれ,,あついしぼう,100,100,80,60,60,50,450
282,サニーゴ,みず,いわ,はりきり, しぜんかいふく,,さいせいりょく,65,55,95,65,95,35,410
283,サニーゴ:G,ゴースト,,くだけるよろい,,,のろわれボディ,60,55,100,65,100,30,410
284,テッポウオ,みず,,はりきり, スナイパー,,ムラっけ,35,65,35,65,35,65,300
285,オクタン,みず,,きゅうばん, スナイパー,,ムラっけ,75,105,75,105,75,45,480
286,デリバード,こおり,ひこう,やるき, はりきり,,ふみん,45,55,45,65,45,75,330
287,マンタイン,みず,ひこう,すいすい, ちょすい,,みずのベール,85,40,70,80,140,70,485
288,エアームド,はがね,ひこう,するどいめ, がんじょう,,くだけるよろい,65,80,140,40,70,70,465
289,デルビル,あく,ほのお,はやおき, もらいび,,きんちょうかん,45,60,30,80,50,65,330
290,ヘルガー,あく,ほのお,はやおき, もらいび,,きんちょうかん,75,90,50,110,80,95,500
291,メガヘルガー,あく,ほのお,サンパワー,,,,75,90,90,140,90,115,600
292,キングドラ,みず,ドラゴン,すいすい, スナイパー,,しめりけ,75,95,95,95,95,85,540
293,ゴマゾウ,じめん,,ものひろい,,,すながくれ,90,60,60,40,40,40,330
294,ドンファン,じめん,,がんじょう,,,すながくれ,90,120,120,60,60,50,500
295,ポリゴン２,ノーマル,,トレース, ダウンロード,,アナライズ,85,80,90,105,95,60,515
296,オドシシ,ノーマル,,いかく, おみとおし,,そうしょく,73,95,62,85,65,85,465
297,ドーブル,ノーマル,,マイペース, テクニシャン,,ムラっけ,55,20,35,20,45,75,250
298,バルキー,かくとう,,こんじょう, ふくつのこころ,,やるき,35,35,35,35,35,35,210
299,カポエラー,かくとう,,いかく, テクニシャン,,ふくつのこころ,50,95,95,35,110,70,455
300,ムチュール,こおり,エスパー,どんかん, よちむ,,うるおいボディ,45,30,15,85,65,65,305
301,エレキッド,でんき,,せいでんき,,,やるき,45,63,37,65,55,95,360
302,ブビィ,ほのお,,ほのおのからだ,,,やるき,45,75,37,70,55,83,365
303,ミルタンク,ノーマル,,あついしぼう, きもったま,,そうしょく,95,80,105,40,70,100,490
304,ハピナス,ノーマル,,しぜんかいふく, てんのめぐみ,,いやしのこころ,255,10,10,75,135,55,540
305,ライコウ,でんき,,プレッシャー,,,せいしんりょく,90,85,75,115,100,115,580
306,エンテイ,ほのお,,プレッシャー,,,せいしんりょく,115,115,85,90,75,100,580
307,スイクン,みず,,プレッシャー,,,せいしんりょく,100,75,115,90,115,85,580
308,ヨーギラス,いわ,じめん,こんじょう,,,すながくれ,50,64,50,45,50,41,300
309,サナギラス,いわ,じめん,だっぴ,,,だっぴ,70,84,70,65,70,51,410
310,バンギラス,いわ,あく,すなおこし,,,きんちょうかん,100,134,110,95,100,61,600
311,メガバンギラス,いわ,あく,すなおこし,,,,100,164,150,95,120,71,700
312,ルギア,エスパー,ひこう,プレッシャー,,,マルチスケイル,106,90,130,90,154,110,680
313,ホウオウ,ほのお,ひこう,プレッシャー,,,さいせいりょく,106,130,90,110,154,90,680
314,セレビィ,エスパー,むし,しぜんかいふく,,,,100,100,100,100,100,100,600
315,キモリ,くさ,,しんりょく,,,かるわざ,40,45,35,65,55,70,310
316,ジュプトル,くさ,,しんりょく,,,かるわざ,50,65,45,85,65,95,405
317,ジュカイン,くさ,,しんりょく,,,かるわざ,70,85,65,105,85,120,530
318,メガジュカイン,くさ,ドラゴン,ひらいしん,,,,70,110,75,145,85,145,630
319,アチャモ,ほのお,,もうか,,,かそく,45,60,40,70,50,45,310
320,ワカシャモ,ほのお,かくとう,もうか,,,かそく,60,85,60,85,60,55,405
321,バシャーモ,ほのお,かくとう,もうか,,,かそく,80,120,70,110,70,80,530
322,メガバシャーモ,ほのお,かくとう,かそく,,,,80,160,80,130,80,100,630
323,ミズゴロウ,みず,,げきりゅう,,,しめりけ,50,70,50,50,50,40,310
324,ヌマクロー,みず,じめん,げきりゅう,,,しめりけ,70,85,70,60,70,50,405
325,ラグラージ,みず,じめん,げきりゅう,,,しめりけ,100,110,90,85,90,60,535
326,メガラグラージ,みず,じめん,すいすい,,,,100,150,110,95,110,70,635
327,ポチエナ,あく,,にげあし, はやあし,,びびり,35,55,35,30,30,35,220
328,グラエナ,あく,,いかく, はやあし,,じしんかじょう,70,90,70,60,60,70,420
329,ジグザグマ,ノーマル,,ものひろい, くいしんぼう,,はやあし,38,30,41,30,41,60,240
330,ジグザグマ:G,あく,ノーマル,ものひろい,くいしんぼう,,はやあし,38,30,41,30,41,60,240
331,マッスグマ,ノーマル,,ものひろい, くいしんぼう,,はやあし,78,70,61,50,61,100,420
332,マッスグマ:G,あく,ノーマル,ものひろい,くいしんぼう,,はやあし,78,70,61,50,61,100,420
333,ケムッソ,むし,,りんぷん,,,にげあし,45,45,35,20,30,20,195
334,カラサリス,むし,,だっぴ,,,だっぴ,50,35,55,25,25,15,205
335,アゲハント,むし,ひこう,むしのしらせ,,,とうそうしん,60,70,50,100,50,65,395
336,マユルド,むし,,だっぴ,,,だっぴ,50,35,55,25,25,15,205
337,ドクケイル,むし,どく,りんぷん,,,ふくがん,60,50,70,50,90,65,385
338,ハスボー,みず,むし,すいすい, あめうけざら,,マイペース,40,30,30,40,50,30,220
339,ハスブレロ,みず,むし,すいすい, あめうけざら,,マイペース,60,50,50,60,70,50,340
340,ルンパッパ,みず,むし,すいすい, あめうけざら,,マイペース,80,70,70,90,100,70,480
341,タネボー,くさ,,ようりょくそ,はやおき,,わるいてぐせ,40,40,50,30,30,30,220
342,コノハナ,くさ,あく,ようりょくそ,はやおき,,わるいてぐせ,70,70,40,60,40,60,340
343,ダーテング,くさ,あく,ようりょくそ,かぜのり,,わるいてぐせ,90,100,60,90,60,80,480
344,スバメ,ノーマル,ひこう,こんじょう,,,きもったま,40,55,30,30,30,85,270
345,オオスバメ,ノーマル,ひこう,こんじょう,,,きもったま,60,85,60,75,50,125,455
346,キャモメ,みず,ひこう,するどいめ, うるおいボディ,,あめうけざら,40,30,30,55,30,85,270
347,ペリッパー,みず,ひこう,するどいめ, あめふらし,,あめうけざら,60,50,100,95,70,65,440
348,ラルトス,エスパー,フェアリー,シンクロ, トレース,,テレパシー,28,25,25,45,35,40,198
349,キルリア,エスパー,フェアリー,シンクロ, トレース,,テレパシー,38,35,35,65,55,50,278
350,サーナイト,エスパー,フェアリー,シンクロ, トレース,,テレパシー,68,65,65,125,115,80,518
351,メガサーナイト,エスパー,フェアリー,フェアリースキン,,,,68,85,65,165,135,100,618
352,アメタマ,むし,みず,すいすい,,,あめうけざら,40,30,32,50,52,65,269
353,アメモース,むし,ひこう,いかく,,,きんちょうかん,70,60,62,100,82,80,454
354,キノココ,くさ,,ほうし, ポイズンヒール,,はやあし,60,40,60,40,60,35,295
355,キノガッサ,くさ,かくとう,ほうし, ポイズンヒール,,テクニシャン,60,130,80,60,60,70,460
356,ナマケロ,ノーマル,,なまけ,,,,60,60,60,35,35,30,280
357,ヤルキモノ,ノーマル,,やるき,,,,80,80,80,55,55,90,440
358,ケッキング,ノーマル,,なまけ,,,,150,160,100,95,65,100,670
359,ツチニン,むし,じめん,ふくがん,,,にげあし,31,45,90,30,30,40,266
360,テッカニン,むし,ひこう,かそく,,,すりぬけ,61,90,45,50,50,160,456
361,ヌケニン,むし,ゴースト,ふしぎなまもり,,,ふしぎなまもり,1,90,45,30,30,40,236
362,ゴニョニョ,ノーマル,,ぼうおん,,,びびり,64,51,23,51,23,28,240
363,ドゴーム,ノーマル,,ぼうおん,,,きもったま,84,71,43,71,43,48,360
364,バクオング,ノーマル,,ぼうおん,,,きもったま,104,91,63,91,73,68,490
365,マクノシタ,かくとう,,あついしぼう, こんじょう,,ちからずく,72,60,30,20,30,25,237
366,ハリテヤマ,かくとう,,あついしぼう, こんじょう,,ちからずく,144,120,60,40,60,50,474
367,ルリリ,ノーマル,フェアリー,あついしぼう, ちからもち,,そうしょく,50,20,40,20,40,20,190
368,ノズパス,いわ,,がんじょう, じりょく,,すなのちから,30,45,135,45,90,30,375
369,エネコ,ノーマル,,メロメロボディ, ノーマルスキン,,ミラクルスキン,50,45,45,35,35,50,260
370,エネコロロ,ノーマル,,メロメロボディ, ノーマルスキン,,ミラクルスキン,70,65,65,55,55,90,400
371,ヤミラミ,あく,ゴースト,するどいめ, あとだし,,いたずらごころ,50,75,75,65,65,50,380
372,メガヤミラミ,あく,ゴースト,マジックミラー,,,,50,85,125,85,115,20,480
373,クチート,はがね,フェアリー,かいりきバサミ, いかく,,ちからずく,50,85,85,55,55,50,380
374,メガクチート,はがね,フェアリー,ちからもち,,,,50,105,125,55,95,50,480
375,ココドラ,はがね,いわ,がんじょう, いしあたま,,ヘヴィメタル,50,70,100,40,40,30,330
376,コドラ,はがね,いわ,がんじょう, いしあたま,,ヘヴィメタル,60,90,140,50,50,40,430
377,ボスゴドラ,はがね,いわ,がんじょう, いしあたま,,ヘヴィメタル,70,110,180,60,60,50,530
378,メガボスゴドラ,はがね,,フィルター,,,,70,140,230,60,80,50,630
379,アサナン,かくとう,エスパー,ヨガパワー,,,テレパシー,30,40,55,40,55,60,280
380,チャーレム,かくとう,エスパー,ヨガパワー,,,テレパシー,60,60,75,60,75,80,410
381,メガチャーレム,かくとう,エスパー,ヨガパワー,,,,60,100,85,80,85,100,510
382,ラクライ,でんき,,せいでんき, ひらいしん,,マイナス,40,45,40,65,40,65,295
383,ライボルト,でんき,,せいでんき, ひらいしん,,マイナス,70,75,60,105,60,105,475
384,メガライボルト,でんき,,いかく,,,,70,75,80,135,80,135,575
385,プラスル,でんき,,プラス,,,ひらいしん,60,50,40,85,75,95,405
386,マイナン,でんき,,マイナス,,,ちくでん,60,40,50,75,85,95,405
387,バルビート,むし,,はっこう, むしのしらせ,,いたずらごころ,65,73,75,47,85,85,430
388,イルミーゼ,むし,,どんかん, いろめがね,,いたずらごころ,65,47,75,73,85,85,430
389,ロゼリア,くさ,どく,しぜんかいふく, どくのトゲ,,リーフガード,50,60,45,100,80,65,400
390,ゴクリン,どく,,ヘドロえき, ねんちゃく,,くいしんぼう,70,43,53,43,53,40,302
391,マルノーム,どく,,ヘドロえき, ねんちゃく,,くいしんぼう,100,73,83,73,83,55,467
392,キバニア,みず,あく,さめはだ,,,かそく,45,90,20,65,20,65,305
393,サメハダー,みず,あく,さめはだ,,,かそく,70,120,40,95,40,95,460
394,メガサメハダー,みず,あく,がんじょうあご,,,,70,140,70,110,65,105,560
395,ホエルコ,みず,,みずのベール, どんかん,,プレッシャー,130,70,35,70,35,60,400
396,ホエルオー,みず,,みずのベール, どんかん,,プレッシャー,170,90,45,90,45,60,500
397,ドンメル,ほのお,じめん,どんかん, たんじゅん,,マイペース,60,60,40,65,45,35,305
398,バクーダ,ほのお,じめん,マグマのよろい, ハードロック,,いかりのつぼ,70,100,70,105,75,40,460
399,メガバクーダ,ほのお,じめん,ちからずく,,,,70,120,100,145,105,20,560
400,コータス,ほのお,,しろいけむり, ひでり,,シェルアーマー,70,85,140,85,70,20,470
401,バネブー,エスパー,,あついしぼう, マイペース,,くいしんぼう,60,25,35,70,80,60,330
402,ブーピッグ,エスパー,,あついしぼう, マイペース,,くいしんぼう,80,45,65,90,110,80,470
403,パッチール,ノーマル,,マイペース, ちどりあし,,あまのじゃく,60,60,60,60,60,60,360
404,ナックラー,じめん,,かいりきバサミ, ありじごく,,ちからずく,45,100,45,45,45,10,290
405,ビブラーバ,じめん,ドラゴン,ふゆう,,,ふゆう,50,70,50,50,50,70,340
406,フライゴン,じめん,ドラゴン,ふゆう,,,ふゆう,80,100,80,80,80,100,520
407,サボネア,くさ,,すながくれ,,,ちょすい,50,85,40,85,40,35,335
408,ノクタス,くさ,あく,すながくれ,,,ちょすい,70,115,60,115,60,55,475
409,チルット,ノーマル,ひこう,しぜんかいふく,,,ノーてんき,45,40,60,40,75,50,310
410,チルタリス,ドラゴン,ひこう,しぜんかいふく,,,ノーてんき,75,70,90,70,105,80,490
411,メガチルタリス,ドラゴン,フェアリー,フェアリースキン,,,,75,110,110,110,105,80,590
412,ザングース,ノーマル,,めんえき,,,どくぼうそう,73,115,60,60,60,90,458
413,ハブネーク,どく,,だっぴ,,,すりぬけ,73,100,60,100,60,65,458
414,ルナトーン,いわ,エスパー,ふゆう,,,,90,55,65,95,85,70,460
415,ソルロック,いわ,エスパー,ふゆう,,,,90,95,85,55,65,70,460
416,ドジョッチ,みず,じめん,どんかん, きけんよち,,うるおいボディ,50,48,43,46,41,60,288
417,ナマズン,みず,じめん,どんかん, きけんよち,,うるおいボディ,110,78,73,76,71,60,468
418,ヘイガニ,みず,,かいりきバサミ, シェルアーマー,,てきおうりょく,43,80,65,50,35,35,308
419,シザリガー,みず,あく,かいりきバサミ, シェルアーマー,,てきおうりょく,63,120,85,90,55,55,468
420,ヤジロン,じめん,エスパー,ふゆう,,,,40,40,55,40,70,55,300
421,ネンドール,じめん,エスパー,ふゆう,,,,60,70,105,70,120,75,500
422,リリーラ,いわ,くさ,きゅうばん,,,よびみず,66,41,77,61,87,23,355
423,ユレイドル,いわ,くさ,きゅうばん,,,よびみず,86,81,97,81,107,43,495
424,アノプス,いわ,むし,カブトアーマー,,,すいすい,45,95,50,40,50,75,355
425,アーマルド,いわ,むし,カブトアーマー,,,すいすい,75,125,100,70,80,45,495
426,ヒンバス,みず,,すいすい, どんかん,,てきおうりょく,20,15,20,10,55,80,200
427,ミロカロス,みず,,ふしぎなうろこ, かちき,,メロメロボディ,95,60,79,100,125,81,540
428,ポワルン,ノーマル,,てんきや,,,,70,70,70,70,70,70,420
429,カクレオン,ノーマル,,へんしょく,,,へんげんじざい,60,90,70,60,120,40,440
430,カゲボウズ,ゴースト,,ふみん, おみとおし,,のろわれボディ,44,75,35,63,33,45,295
431,ジュペッタ,ゴースト,,ふみん, おみとおし,,のろわれボディ,64,115,65,83,63,65,455
432,メガジュペッタ,ゴースト,,いたずらごころ,,,,64,165,75,93,83,75,555
433,ヨマワル,ゴースト,,ふゆう,,,おみとおし,20,40,90,30,90,25,295
434,サマヨール,ゴースト,,プレッシャー,,,おみとおし,40,70,130,60,130,25,455
435,トロピウス,くさ,ひこう,ようりょくそ, サンパワー,,しゅうかく,99,68,83,72,87,51,460
436,チリーン,エスパー,,ふゆう,,,,75,50,80,95,90,65,455
437,アブソル,あく,,プレッシャー, きょううん,,せいぎのこころ,65,130,60,75,60,75,465
438,メガアブソル,あく,,マジックミラー,,,,65,150,60,115,60,115,565
439,ソーナノ,エスパー,,かげふみ,,,テレパシー,95,23,48,23,48,23,260
440,ユキワラシ,こおり,,せいしんりょく, アイスボディ,,ムラっけ,50,50,50,50,50,50,300
441,オニゴーリ,こおり,,せいしんりょく, アイスボディ,,ムラっけ,80,80,80,80,80,80,480
442,メガオニゴーリ,こおり,,フリーズスキン,,,,80,120,80,120,80,100,580
443,タマザラシ,こおり,みず,あついしぼう, アイスボディ,,どんかん,70,40,50,55,50,25,290
444,トドグラー,こおり,みず,あついしぼう, アイスボディ,,どんかん,90,60,70,75,70,45,410
445,トドゼルガ,こおり,みず,あついしぼう, アイスボディ,,どんかん,110,80,90,95,90,65,530
446,パールル,みず,,シェルアーマー,,,びびり,35,64,85,74,55,32,345
447,ハンテール,みず,,すいすい,,,みずのベール,55,104,105,94,75,52,485
448,サクラビス,みず,,すいすい,,,うるおいボディ,55,84,105,114,75,52,485
449,ジーランス,みず,いわ,すいすい, いしあたま,,がんじょう,100,90,130,45,65,55,485
450,ラブカス,みず,,すいすい,,,うるおいボディ,43,30,55,40,65,97,330
451,タツベイ,ドラゴン,,いしあたま,,,ちからずく,45,75,60,40,30,50,300
452,コモルー,ドラゴン,,いしあたま,,,ぼうじん,65,95,100,60,50,50,420
453,ボーマンダ,ドラゴン,ひこう,いかく,,,じしんかじょう,95,135,80,110,80,100,600
454,メガボーマンダ,ドラゴン,ひこう,スカイスキン,,,,95,145,130,120,90,120,700
455,ダンバル,はがね,エスパー,クリアボディ,,,ライトメタル,40,55,80,35,60,30,300
456,メタング,はがね,エスパー,クリアボディ,,,ライトメタル,60,75,100,55,80,50,420
457,メタグロス,はがね,エスパー,クリアボディ,,,ライトメタル,80,135,130,95,90,70,600
458,メガメタグロス,はがね,エスパー,かたいツメ,,,,80,145,150,105,110,110,700
459,レジロック,いわ,,クリアボディ,,,がんじょう,80,100,200,50,100,50,580
460,レジアイス,こおり,,クリアボディ,,,アイスボディ,80,50,100,100,200,50,580
461,レジスチル,はがね,,クリアボディ,,,ライトメタル,80,75,150,75,150,50,580
462,ラティアス,ドラゴン,エスパー,ふゆう,,,,80,80,90,110,130,110,600
463,メガラティアス,ドラゴン,エスパー,ふゆう,,,,80,100,120,140,150,110,700
464,ラティオス,ドラゴン,エスパー,ふゆう,,,,80,90,80,130,110,110,600
465,メガラティオス,ドラゴン,エスパー,ふゆう,,,,80,130,100,160,120,110,700
466,カイオーガ,みず,,あめふらし,,,,100,100,90,150,140,90,670
467,ゲンシカイオーガ,みず,,はじまりのうみ,,,,100,150,90,180,160,90,770
468,グラードン,じめん,,ひでり,,,,100,150,140,100,90,90,670
469,ゲンシグラードン,じめん,ほのお,おわりのだいち,,,,100,180,160,150,90,90,770
470,レックウザ,ドラゴン,ひこう,エアロック,,,,105,150,90,150,90,95,680
471,メガレックウザ,ドラゴン,ひこう,デルタストリーム,,,,105,180,100,180,100,115,780
472,ジラーチ,はがね,エスパー,てんのめぐみ,,,,100,100,100,100,100,100,600
473,デオキシスN,エスパー,,プレッシャー,,,,50,150,50,150,50,150,600
474,デオキシスA,エスパー,,プレッシャー,,,,50,180,20,180,20,150,600
475,デオキシスD,エスパー,,プレッシャー,,,,50,70,160,70,160,90,600
476,デオキシスS,エスパー,,プレッシャー,,,,50,95,90,95,90,180,600
477,ナエトル,くさ,,しんりょく,,,シェルアーマー,55,68,64,45,55,31,318
478,ハヤシガメ,くさ,,しんりょく,,,シェルアーマー,75,89,85,55,65,36,405
479,ドダイトス,くさ,じめん,しんりょく,,,シェルアーマー,95,109,105,75,85,56,525
480,ヒコザル,ほのお,,もうか,,,てつのこぶし,44,58,44,58,44,61,309
481,モウカザル,ほのお,かくとう,もうか,,,てつのこぶし,64,78,52,78,52,81,405
482,ゴウカザル,ほのお,かくとう,もうか,,,てつのこぶし,76,104,71,104,71,108,534
483,ポッチャマ,みず,,げきりゅう,,,かちき,53,51,53,61,56,40,314
484,ポッタイシ,みず,,げきりゅう,,,かちき,64,66,68,81,76,50,405
485,エンペルト,みず,はがね,げきりゅう,,,かちき,84,86,88,111,101,60,530
486,ムックル,ノーマル,ひこう,するどいめ,,,すてみ,40,55,30,30,30,60,245
487,ムクバード,ノーマル,ひこう,いかく,,,すてみ,55,75,50,40,40,80,340
488,ムクホーク,ノーマル,ひこう,いかく,,,すてみ,85,120,70,50,60,100,485
489,ビッパ,ノーマル,,たんじゅん, てんねん,,ムラっけ,59,45,40,35,40,31,250
490,ビーダル,ノーマル,みず,たんじゅん, てんねん,,ムラっけ,79,85,60,55,60,71,410
491,コロボーシ,むし,,だっぴ,,,にげあし,37,25,41,25,41,25,194
492,コロトック,むし,,むしのしらせ,,,テクニシャン,77,85,51,55,51,65,384
493,コリンク,でんき,,とうそうしん, いかく,,こんじょう,45,65,34,40,34,45,263
494,ルクシオ,でんき,,とうそうしん, いかく,,こんじょう,60,85,49,60,49,60,363
495,レントラー,でんき,,とうそうしん, いかく,,こんじょう,80,120,79,95,79,70,523
496,スボミー,くさ,どく,しぜんかいふく, どくのトゲ,,リーフガード,40,30,35,50,70,55,280
497,ロズレイド,くさ,どく,しぜんかいふく, どくのトゲ,,テクニシャン,60,70,65,125,105,90,515
498,ズガイドス,いわ,,かたやぶり,,,ちからずく,67,125,40,30,30,58,350
499,ラムパルド,いわ,,かたやぶり,,,ちからずく,97,165,60,65,50,58,495
500,タテトプス,いわ,はがね,がんじょう,,,ぼうおん,30,42,118,42,88,30,350
501,トリデプス,いわ,はがね,がんじょう,,,ぼうおん,60,52,168,47,138,30,495
502,ミノムッチ,むし,,だっぴ,,,ぼうじん,40,29,45,29,45,36,224
503,ミノマダム草,むし,くさ,きけんよち,,,ぼうじん,60,59,85,79,105,36,424
504,ミノマダム地,むし,じめん,きけんよち,,,ぼうじん,60,79,105,59,85,36,424
505,ミノマダム鋼,むし,はがね,きけんよち,,,ぼうじん,60,69,95,69,95,36,424
506,ガーメイル,むし,ひこう,むしのしらせ,,,いろめがね,70,94,50,94,50,66,424
507,ミツハニー,むし,ひこう,みつあつめ,,,はりきり,30,30,42,30,42,70,244
508,ビークイン,むし,ひこう,プレッシャー,,,きんちょうかん,70,80,102,80,102,40,474
509,パチリス,でんき,,にげあし, ものひろい,,ちくでん,60,45,70,45,90,95,405
510,ブイゼル,みず,,すいすい,,,みずのベール,55,65,35,60,30,85,330
511,フローゼル,みず,,すいすい,,,みずのベール,85,105,55,85,50,115,495
512,チェリンボ,くさ,,ようりょくそ,,,,45,35,45,62,53,35,275
513,チェリム,くさ,,フラワーギフト,,,,70,60,70,87,78,85,450
514,カラナクシ,みず,,ねんちゃく, よびみず,,すなのちから,76,48,48,57,62,34,325
515,トリトドン,みず,じめん,ねんちゃく, よびみず,,すなのちから,111,83,68,92,82,39,475
516,エテボース,ノーマル,,テクニシャン, ものひろい,,スキルリンク,75,100,66,60,66,115,482
517,フワンテ,ゴースト,ひこう,ゆうばく, かるわざ,,ねつぼうそう,90,50,34,60,44,70,348
518,フワライド,ゴースト,ひこう,ゆうばく, かるわざ,,ねつぼうそう,150,80,44,90,54,80,498
519,ミミロル,ノーマル,,にげあし, ぶきよう,,じゅうなん,55,66,44,44,56,85,350
520,ミミロップ,ノーマル,,メロメロボディ, ぶきよう,,じゅうなん,65,76,84,54,96,105,480
521,メガミミロップ,ノーマル,かくとう,きもったま,,,,65,136,94,54,96,135,580
522,ムウマージ,ゴースト,,ふゆう,,,,60,60,60,105,105,105,495
523,ドンカラス,あく,ひこう,ふみん, きょううん,,じしんかじょう,100,125,52,105,52,71,505
524,ニャルマー,ノーマル,,じゅうなん, マイペース,,するどいめ,49,55,42,42,37,85,310
525,ブニャット,ノーマル,,あついしぼう, マイペース,,まけんき,71,82,64,64,59,112,452
526,リーシャン,エスパー,,ふゆう,,,,45,30,50,65,50,45,285
527,スカンプー,どく,あく,あくしゅう, ゆうばく,,するどいめ,63,63,47,41,41,74,329
528,スカタンク,どく,あく,あくしゅう, ゆうばく,,するどいめ,103,93,67,71,61,84,479
529,ドーミラー,はがね,エスパー,ふゆう, たいねつ,,ヘヴィメタル,57,24,86,24,86,23,300
530,ドータクン,はがね,エスパー,ふゆう, たいねつ,,ヘヴィメタル,67,89,116,79,116,33,500
531,ウソハチ,いわ,,がんじょう, いしあたま,,びびり,50,80,95,10,45,10,290
532,マネネ,エスパー,フェアリー,ぼうおん, フィルター,,テクニシャン,20,25,45,70,90,60,310
533,ピンプク,ノーマル,,しぜんかいふく, てんのめぐみ,,フレンドガード,100,5,5,15,65,30,220
534,ペラップ,ノーマル,ひこう,するどいめ, ちどりあし,,はとむね,76,65,45,92,42,91,411
535,ミカルゲ,ゴースト,あく,プレッシャー,,,すりぬけ,50,92,108,92,108,35,485
536,フカマル,ドラゴン,じめん,すながくれ,,,さめはだ,58,70,45,40,45,42,300
537,ガバイト,ドラゴン,じめん,すながくれ,,,さめはだ,68,90,65,50,55,82,410
538,ガブリアス,ドラゴン,じめん,すながくれ,,,さめはだ,108,130,95,80,85,102,600
539,メガガブリアス,ドラゴン,じめん,すなのちから,,,,108,170,115,120,95,92,700
540,ゴンベ,ノーマル,,ものひろい, あついしぼう,,くいしんぼう,135,85,40,40,85,5,390
541,リオル,かくとう,,ふくつのこころ, せいしんりょく,,いたずらごころ,40,70,40,35,40,60,285
542,ルカリオ,かくとう,はがね,ふくつのこころ, せいしんりょく,,せいぎのこころ,70,110,70,115,70,90,525
543,メガルカリオ,かくとう,はがね,てきおうりょく,,,,70,145,88,140,70,112,625
544,ヒポポタス,じめん,,すなおこし,,,すなのちから,68,72,78,38,42,32,330
545,カバルドン,じめん,,すなおこし,,,すなのちから,108,112,118,68,72,47,525
546,スコルピ,どく,むし,カブトアーマー, スナイパー,,するどいめ,40,50,90,30,55,65,330
547,ドラピオン,どく,あく,カブトアーマー, スナイパー,,するどいめ,70,90,110,60,75,95,500
548,グレッグル,どく,かくとう,きけんよち, かんそうはだ,,どくしゅ,48,61,40,61,40,50,300
549,ドクロッグ,どく,かくとう,きけんよち, かんそうはだ,,どくしゅ,83,106,65,86,65,85,490
550,マスキッパ,くさ,,ふゆう,,,,74,100,72,90,72,46,454
551,ケイコウオ,みず,,すいすい, よびみず,,みずのベール,49,49,56,49,61,66,330
552,ネオラント,みず,,すいすい, よびみず,,みずのベール,69,69,76,69,86,91,460
553,タマンタ,みず,ひこう,すいすい, ちょすい,,みずのベール,45,20,50,60,120,50,345
554,ユキカブリ,くさ,こおり,ゆきふらし,,,ぼうおん,60,62,50,62,60,40,334
555,ユキノオー,くさ,こおり,ゆきふらし,,,ぼうおん,90,92,75,92,85,60,494
556,メガユキノオー,くさ,こおり,ゆきふらし,,,,90,132,105,132,105,30,594
557,マニューラ,あく,こおり,プレッシャー,,,わるいてぐせ,70,120,65,45,85,125,510
558,ジバコイル,でんき,はがね,じりょく, がんじょう,,アナライズ,70,70,115,130,90,60,535
559,ベロベルト,ノーマル,,マイペース, どんかん,,ノーてんき,110,85,95,80,95,50,515
560,ドサイドン,じめん,いわ,ひらいしん, ハードロック,,すてみ,115,140,130,55,55,40,535
561,モジャンボ,くさ,,ようりょくそ, リーフガード,,さいせいりょく,100,100,125,110,50,50,535
562,エレキブル,でんき,,でんきエンジン,,,やるき,75,123,67,95,85,95,540
563,ブーバーン,ほのお,,ほのおのからだ,,,やるき,75,95,67,125,95,83,540
564,トゲキッス,フェアリー,ひこう,はりきり, てんのめぐみ,,きょううん,85,50,95,120,115,80,545
565,メガヤンマ,むし,ひこう,かそく, いろめがね,,おみとおし,86,76,86,116,56,95,515
566,リーフィア,くさ,,リーフガード,,,ようりょくそ,65,110,130,60,65,95,525
567,グレイシア,こおり,,ゆきがくれ,,,アイスボディ,65,60,110,130,95,65,525
568,グライオン,じめん,ひこう,かいりきバサミ, すながくれ,,ポイズンヒール,75,95,125,45,75,95,510
569,マンムー,こおり,じめん,どんかん, ゆきがくれ,,あついしぼう,110,130,80,70,60,80,530
570,ポリゴンＺ,ノーマル,,てきおうりょく, ダウンロード,,アナライズ,85,80,70,135,75,90,535
571,エルレイド,エスパー,かくとう,ふくつのこころ,きれあじ,,せいぎのこころ,68,125,65,65,115,80,518
572,メガエルレイド,エスパー,かくとう,せいしんりょく,,,,68,165,95,65,115,110,618
573,ダイノーズ,いわ,はがね,がんじょう, じりょく,,すなのちから,60,55,145,75,150,40,525
574,ヨノワール,ゴースト,,プレッシャー,,,おみとおし,45,100,135,65,135,45,525
575,ユキメノコ,こおり,ゴースト,ゆきがくれ,,,のろわれボディ,70,80,70,80,70,110,480
576,ロトム,でんき,ゴースト,ふゆう,,,,50,50,77,95,77,91,440
577,ロトム炎,でんき,ほのお,ふゆう,,,,50,65,107,105,107,86,520
578,ロトム水,でんき,みず,ふゆう,,,,50,65,107,105,107,86,520
579,ロトム氷,でんき,こおり,ふゆう,,,,50,65,107,105,107,86,520
580,ロトム飛,でんき,ひこう,ふゆう,,,,50,65,107,105,107,86,520
581,ロトム草,でんき,くさ,ふゆう,,,,50,65,107,105,107,86,520
582,ユクシー,エスパー,,ふゆう,,,,75,75,130,75,130,95,580
583,エムリット,エスパー,,ふゆう,,,,80,105,105,105,105,80,580
584,アグノム,エスパー,,ふゆう,,,,75,125,70,125,70,115,580
585,ディアルガ,はがね,ドラゴン,プレッシャー,,,テレパシー,100,120,120,150,100,90,680
586,ディアルガ（オリジン）,はがね,ドラゴン,プレッシャー,,,テレパシー,100,100,120,150,120,90,680
587,パルキア,みず,ドラゴン,プレッシャー,,,テレパシー,90,120,100,150,120,100,680
588,パルキア（オリジン）,みず,ドラゴン,プレッシャー,,,テレパシー,90,100,100,150,120,120,680
589,ヒードラン,ほのお,はがね,もらいび,,,ほのおのからだ,91,90,106,130,106,77,600
590,レジギガス,ノーマル,,スロースタート,,,,110,160,110,80,110,100,670
591,ギラティナ（アナザー）,ゴースト,ドラゴン,プレッシャー,,,テレパシー,150,100,120,100,120,90,680
592,ギラティナ（オリジン）,ゴースト,ドラゴン,ふゆう,,,,150,120,100,120,100,90,680
593,クレセリア,エスパー,,ふゆう,,,,120,70,110,75,120,85,580
594,フィオネ,みず,,うるおいボディ,,,,80,80,80,80,80,80,480
595,マナフィ,みず,,うるおいボディ,,,,100,100,100,100,100,100,600
596,ダークライ,あく,,ナイトメア,,,,70,90,90,135,90,125,600
597,シェイミL,くさ,,しぜんかいふく,,,,100,100,100,100,100,100,600
598,シェイミS,くさ,ひこう,てんのめぐみ,,,,100,103,75,120,75,127,600
599,アルセウス,ノーマル,,マルチタイプ,,,,120,120,120,120,120,120,720
600,ビクティニ,エスパー,ほのお,しょうりのほし,,,,100,100,100,100,100,100,600
601,ツタージャ,くさ,,しんりょく,,,あまのじゃく,45,45,55,45,55,63,308
602,ジャノビー,くさ,,しんりょく,,,あまのじゃく,60,60,75,60,75,83,413
603,ジャローダ,くさ,,しんりょく,,,あまのじゃく,75,75,95,75,95,113,528
604,ポカブ,ほのお,,もうか,,,あついしぼう,65,63,45,45,45,45,308
605,チャオブー,ほのお,かくとう,もうか,,,あついしぼう,90,93,55,70,55,55,418
606,エンブオー,ほのお,かくとう,もうか,,,すてみ,110,123,65,100,65,65,528
607,ミジュマル,みず,,げきりゅう,,,シェルアーマー,55,55,45,63,45,45,308
608,フタチマル,みず,,げきりゅう,,,シェルアーマー,75,75,60,83,60,60,413
609,ダイケンキ,みず,,げきりゅう,,,シェルアーマー,95,100,85,108,70,70,528
610,ダイケンキ:H,みず,あく,げきりゅう,,,きれあじ,90,108,80,100,65,85,528
611,ミネズミ,ノーマル,,にげあし, するどいめ,,アナライズ,45,55,39,35,39,42,255
612,ミルホッグ,ノーマル,,はっこう, するどいめ,,アナライズ,60,85,69,60,69,77,420
613,ヨーテリー,ノーマル,,やるき, ものひろい,,にげあし,45,60,45,25,45,55,275
614,ハーデリア,ノーマル,,いかく, すなかき,,きもったま,65,80,65,35,65,60,370
615,ムーランド,ノーマル,,いかく, すなかき,,きもったま,85,110,90,45,90,80,500
616,チョロネコ,あく,,じゅうなん, かるわざ,,いたずらごころ,41,50,37,50,37,66,281
617,レパルダス,あく,,じゅうなん, かるわざ,,いたずらごころ,64,88,50,88,50,106,446
618,ヤナップ,くさ,,くいしんぼう,,,しんりょく,50,53,48,53,48,64,316
619,ヤナッキー,くさ,,くいしんぼう,,,しんりょく,75,98,63,98,63,101,498
620,バオップ,ほのお,,くいしんぼう,,,もうか,50,53,48,53,48,64,316
621,バオッキー,ほのお,,くいしんぼう,,,もうか,75,98,63,98,63,101,498
622,ヒヤップ,みず,,くいしんぼう,,,げきりゅう,50,53,48,53,48,64,316
623,ヒヤッキー,みず,,くいしんぼう,,,げきりゅう,75,98,63,98,63,101,498
624,ムンナ,エスパー,,よちむ, シンクロ,,テレパシー,76,25,45,67,55,24,292
625,ムシャーナ,エスパー,,よちむ, シンクロ,,テレパシー,116,55,85,107,95,29,487
626,マメパト,ノーマル,ひこう,はとむね, きょううん,,とうそうしん,50,55,50,36,30,43,264
627,ハトーボー,ノーマル,ひこう,はとむね, きょううん,,とうそうしん,62,77,62,50,42,65,358
628,ケンホロウ,ノーマル,ひこう,はとむね, きょううん,,とうそうしん,80,115,80,65,55,93,488
629,シママ,でんき,,ひらいしん, でんきエンジン,,そうしょく,45,60,32,50,32,76,295
630,ゼブライカ,でんき,,ひらいしん, でんきエンジン,,そうしょく,75,100,63,80,63,116,497
631,ダンゴロ,いわ,,がんじょう, くだけるよろい,,すなのちから,55,75,85,25,25,15,280
632,ガントル,いわ,,がんじょう, くだけるよろい,,すなのちから,70,105,105,50,40,20,390
633,ギガイアス,いわ,,がんじょう, すなおこし,,すなのちから,85,135,130,60,80,25,515
634,コロモリ,エスパー,ひこう,てんねん, ぶきよう,,たんじゅん,65,45,43,55,43,72,323
635,ココロモリ,エスパー,ひこう,てんねん, ぶきよう,,たんじゅん,67,57,55,77,55,114,425
636,モグリュー,じめん,,すなかき, すなのちから,,かたやぶり,60,85,40,30,45,68,328
637,ドリュウズ,じめん,はがね,すなかき, すなのちから,,かたやぶり,110,135,60,50,65,88,508
638,タブンネ,ノーマル,,いやしのこころ, さいせいりょく,,ぶきよう,103,60,86,60,86,50,445
639,メガタブンネ,ノーマル,フェアリー,いやしのこころ,,,,103,60,126,80,126,50,545
640,ドッコラー,かくとう,,こんじょう, ちからずく,,てつのこぶし,75,80,55,25,35,35,305
641,ドテッコツ,かくとう,,こんじょう, ちからずく,,てつのこぶし,85,105,85,40,50,40,405
642,ローブシン,かくとう,,こんじょう, ちからずく,,てつのこぶし,105,140,95,55,65,45,505
643,オタマロ,みず,,すいすい, うるおいボディ,,ちょすい,50,50,40,50,40,64,294
644,ガマガル,みず,じめん,すいすい, うるおいボディ,,ちょすい,75,65,55,65,55,69,384
645,ガマゲロゲ,みず,じめん,すいすい, どくしゅ,,ちょすい,105,95,75,85,75,74,509
646,ナゲキ,かくとう,,こんじょう, せいしんりょく,,かたやぶり,120,100,85,30,85,45,465
647,ダゲキ,かくとう,,がんじょう, せいしんりょく,,かたやぶり,75,125,75,30,75,85,465
648,クルミル,むし,くさ,むしのしらせ, ようりょくそ,,ぼうじん,45,53,70,40,60,42,310
649,クルマユ,むし,くさ,リーフガード, ようりょくそ,,ぼうじん,55,63,90,50,80,42,380
650,ハハコモリ,むし,くさ,むしのしらせ, ようりょくそ,,ぼうじん,75,103,80,70,80,92,500
651,フシデ,むし,どく,どくのトゲ, むしのしらせ,,かそく,30,45,59,30,39,57,260
652,ホイーガ,むし,どく,どくのトゲ, むしのしらせ,,かそく,40,55,99,40,79,47,360
653,ペンドラー,むし,どく,どくのトゲ, むしのしらせ,,かそく,60,100,89,55,69,112,485
654,モンメン,くさ,フェアリー,いたずらごころ, すりぬけ,,ようりょくそ,40,27,60,37,50,66,280
655,エルフーン,くさ,フェアリー,いたずらごころ, すりぬけ,,ようりょくそ,60,67,85,77,75,116,480
656,チュリネ,くさ,,ようりょくそ, マイペース,,リーフガード,45,35,50,70,50,30,280
657,ドレディア,くさ,,ようりょくそ, マイペース,,リーフガード,70,60,75,110,75,90,480
658,ドレディア:H,くさ,かくとう,ようりょくそ,はりきり,,リーフガード,70,105,75,50,75,105,480
659,バスラオ赤,みず,,すてみ, てきおうりょく,,かたやぶり,70,92,65,80,55,98,460
660,バスラオ青,みず,,いしあたま, てきおうりょく,,かたやぶり,70,92,65,80,55,98,460
661,バスラオ白,みず,,びびり, てきおうりょく,,かたやぶり,70,92,65,80,55,98,460
662,メグロコ,じめん,あく,いかく, じしんかじょう,,いかりのつぼ,50,72,35,35,35,65,292
663,ワルビル,じめん,あく,いかく, じしんかじょう,,いかりのつぼ,60,82,45,45,45,74,351
664,ワルビアル,じめん,あく,いかく, じしんかじょう,,いかりのつぼ,95,117,80,65,70,92,519
665,ダルマッカ,ほのお,,はりきり,,,せいしんりょく,70,90,45,15,45,50,315
666,ダルマッカ:G,こおり,,はりきり,,,せいしんりょく,70,90,45,15,45,50,315
667,ヒヒダルマN,ほのお,,ちからずく,,,ダルマモード,105,140,55,30,55,95,480
668,ヒヒダルマD,ほのお,エスパー,ちからずく,,,ダルマモード,105,30,105,140,105,55,540
669,ヒヒダルマN:G,こおり,,ごりむちゅう,,,ダルマモード,105,140,55,30,55,95,480
670,ヒヒダルマD:G,こおり,ほのお,ごりむちゅう,,,ダルマモード,105,160,55,30,55,135,540
671,マラカッチ,くさ,,ちょすい, ようりょくそ,,よびみず,75,86,67,106,67,60,461
672,イシズマイ,むし,いわ,がんじょう, シェルアーマー,,くだけるよろい,50,65,85,35,35,55,325
673,イワパレス,むし,いわ,がんじょう, シェルアーマー,,くだけるよろい,70,105,125,65,75,45,485
674,ズルッグ,あく,かくとう,だっぴ, じしんかじょう,,いかく,50,75,70,35,70,48,348
675,ズルズキン,あく,かくとう,だっぴ, じしんかじょう,,いかく,65,90,115,45,115,58,488
676,シンボラー,エスパー,ひこう,ミラクルスキン, マジックガード,,いろめがね,72,58,80,103,80,97,490
677,デスマス,ゴースト,,ミイラ,,,,38,30,85,55,65,30,303
678,デスマス:G,じめん,ゴースト,さまようたましい,,,,38,55,85,30,65,30,303
679,デスカーン,ゴースト,,ミイラ,,,,58,50,145,95,105,30,483
680,プロトーガ,みず,いわ,ハードロック, がんじょう,,すいすい,54,78,103,53,45,22,355
681,アバゴーラ,みず,いわ,ハードロック, がんじょう,,すいすい,74,108,133,83,65,32,495
682,アーケン,いわ,ひこう,よわき,,,,55,112,45,74,45,70,401
683,アーケオス,いわ,ひこう,よわき,,,,75,140,65,112,65,110,567
684,ヤブクロン,どく,,あくしゅう, ねんちゃく,,ゆうばく,50,50,62,40,62,65,329
685,ダストダス,どく,,あくしゅう, くだけるよろい,,ゆうばく,80,95,82,60,82,75,474
686,ゾロア,あく,,イリュージョン,,,,40,65,40,80,40,65,330
687,ゾロア:H,ノーマル,ゴースト,イリュージョン,,,,35,60,40,85,40,70,330
688,ゾロアーク,あく,,イリュージョン,,,,60,105,60,120,60,105,510
689,ゾロアーク:H,ノーマル,ゴースト,イリュージョン,,,,60,105,60,120,60,105,510
690,チラーミィ,ノーマル,,メロメロボディ, テクニシャン,,スキルリンク,55,50,40,40,40,75,300
691,チラチーノ,ノーマル,,メロメロボディ, テクニシャン,,スキルリンク,75,95,60,65,60,115,470
692,ゴチム,エスパー,,おみとおし, かちき,,かげふみ,45,30,50,55,65,45,290
693,ゴチミル,エスパー,,おみとおし, かちき,,かげふみ,60,45,70,75,85,55,390
694,ゴチルゼル,エスパー,,おみとおし, かちき,,かげふみ,70,55,95,95,110,65,490
695,ユニラン,エスパー,,ぼうじん, マジックガード,,さいせいりょく,45,30,40,105,50,20,290
696,ダブラン,エスパー,,ぼうじん, マジックガード,,さいせいりょく,65,40,50,125,60,30,370
697,ランクルス,エスパー,,ぼうじん, マジックガード,,さいせいりょく,110,65,75,125,85,30,490
698,コアルヒー,みず,ひこう,するどいめ, はとむね,,うるおいボディ,62,44,50,44,50,55,305
699,スワンナ,みず,ひこう,するどいめ, はとむね,,うるおいボディ,75,87,63,87,63,98,473
700,バニプッチ,こおり,,アイスボディ, ゆきがくれ,,くだけるよろい,36,50,50,65,60,44,305
701,バニリッチ,こおり,,アイスボディ, ゆきがくれ,,くだけるよろい,51,65,65,80,75,59,395
702,バイバニラ,こおり,,アイスボディ, ゆきふらし,,くだけるよろい,71,95,85,110,95,79,535
703,シキジカ,ノーマル,むし,ようりょくそ, そうしょく,,てんのめぐみ,60,60,50,40,50,75,335
704,メブキジカ,ノーマル,むし,ようりょくそ, そうしょく,,てんのめぐみ,80,100,70,60,70,95,475
705,エモンガ,でんき,ひこう,せいでんき,,,でんきエンジン,55,75,60,75,60,103,428
706,カブルモ,むし,,むしのしらせ, だっぴ,,ノーガード,50,75,45,40,45,60,315
707,シュバルゴ,むし,はがね,むしのしらせ, シェルアーマー,,ぼうじん,70,135,105,60,105,20,495
708,タマゲタケ,くさ,どく,ほうし,,,さいせいりょく,69,55,45,55,55,15,294
709,モロバレル,くさ,どく,ほうし,,,さいせいりょく,114,85,70,85,80,30,464
710,プルリル,みず,ゴースト,ちょすい, のろわれボディ,,しめりけ,55,40,50,65,85,40,335
711,ブルンゲル,みず,ゴースト,ちょすい, のろわれボディ,,しめりけ,100,60,70,85,105,60,480
712,ママンボウ,みず,,いやしのこころ, うるおいボディ,,さいせいりょく,165,75,80,40,45,65,470
713,バチュル,むし,でんき,ふくがん, きんちょうかん,,むしのしらせ,50,47,50,57,50,65,319
714,デンチュラ,むし,でんき,ふくがん, きんちょうかん,,むしのしらせ,70,77,60,97,60,108,472
715,テッシード,くさ,はがね,てつのトゲ,,,てつのトゲ,44,50,91,24,86,10,305
716,ナットレイ,くさ,はがね,てつのトゲ,,,きけんよち,74,94,131,54,116,20,489
717,ギアル,はがね,,プラス, マイナス,,クリアボディ,40,55,70,45,60,30,300
718,ギギアル,はがね,,プラス, マイナス,,クリアボディ,60,80,95,70,85,50,440
719,ギギギアル,はがね,,プラス, マイナス,,クリアボディ,60,100,115,70,85,90,520
720,シビシラス,でんき,,ふゆう,,,,35,55,40,45,40,60,275
721,シビビール,でんき,,ふゆう,,,,65,85,70,75,70,40,405
722,シビルドン,でんき,,ふゆう,,,,85,115,80,105,80,50,515
723,リグレー,エスパー,,テレパシー, シンクロ,,アナライズ,55,55,55,85,55,30,335
724,オーベム,エスパー,,テレパシー, シンクロ,,アナライズ,75,75,75,125,95,40,485
725,ヒトモシ,ゴースト,ほのお,もらいび, ほのおのからだ,,すりぬけ,50,30,55,65,55,20,275
726,ランプラー,ゴースト,ほのお,もらいび, ほのおのからだ,,すりぬけ,60,40,60,95,60,55,370
727,シャンデラ,ゴースト,ほのお,もらいび, ほのおのからだ,,すりぬけ,60,55,90,145,90,80,520
728,キバゴ,ドラゴン,,とうそうしん, かたやぶり,,きんちょうかん,46,87,60,30,40,57,320
729,オノンド,ドラゴン,,とうそうしん, かたやぶり,,きんちょうかん,66,117,70,40,50,67,410
730,オノノクス,ドラゴン,,とうそうしん, かたやぶり,,きんちょうかん,76,147,90,60,70,97,540
731,クマシュン,こおり,,ゆきがくれ, ゆきかき,,びびり,55,70,40,60,40,40,305
732,ツンベアー,こおり,,ゆきがくれ, ゆきかき,,びびり,95,130,80,70,80,50,505
733,フリージオ,こおり,,ふゆう,,,,80,50,50,95,135,105,515
734,チョボマキ,むし,,うるおいボディ, シェルアーマー,,ぼうじん,50,40,85,40,65,25,305
735,アギルダー,むし,,うるおいボディ, ねんちゃく,,かるわざ,80,70,40,100,60,145,495
736,マッギョ,じめん,でんき,せいでんき, じゅうなん,,すながくれ,109,66,84,81,99,32,471
737,マッギョ:G,じめん,はがね,ぎたい,,,,109,81,99,66,84,32,471
738,コジョフー,かくとう,,せいしんりょく, さいせいりょく,,すてみ,45,85,50,55,50,65,350
739,コジョンド,かくとう,,せいしんりょく, さいせいりょく,,すてみ,65,125,60,95,60,105,510
740,クリムガン,ドラゴン,,さめはだ, ちからずく,,かたやぶり,77,120,90,60,90,48,485
741,ゴビット,じめん,ゴースト,てつのこぶし, ぶきよう,,ノーガード,59,74,50,35,50,35,303
742,ゴルーグ,じめん,ゴースト,てつのこぶし, ぶきよう,,ノーガード,89,124,80,55,80,55,483
743,コマタナ,あく,はがね,まけんき, せいしんりょく,,プレッシャー,45,85,70,40,40,60,340
744,キリキザン,あく,はがね,まけんき, せいしんりょく,,プレッシャー,65,125,100,60,70,70,490
745,バッフロン,ノーマル,,すてみ, そうしょく,,ぼうおん,95,110,95,40,95,55,490
746,ワシボン,ノーマル,ひこう,するどいめ, ちからずく,,はりきり,70,83,50,37,50,60,350
747,ウォーグル,ノーマル,ひこう,するどいめ, ちからずく,,まけんき,100,123,75,57,75,80,510
748,ウォーグル:H,エスパー,ひこう,するどいめ, ちからずく,,いろめがね,110,83,70,112,70,65,510
749,バルチャイ,あく,ひこう,はとむね, ぼうじん,,くだけるよろい,70,55,75,45,65,60,370
750,バルジーナ,あく,ひこう,はとむね, ぼうじん,,くだけるよろい,110,65,105,55,95,80,510
751,クイタラン,ほのお,,くいしんぼう, もらいび,,しろいけむり,85,97,66,105,66,65,484
752,アイアント,むし,はがね,むしのしらせ, はりきり,,なまけ,58,109,112,48,48,109,484
753,モノズ,あく,ドラゴン,はりきり,,,,52,65,50,45,50,38,300
754,ジヘッド,あく,ドラゴン,はりきり,,,,72,85,70,65,70,58,420
755,サザンドラ,あく,ドラゴン,ふゆう,,,,92,105,90,125,90,98,600
756,メラルバ,むし,ほのお,ほのおのからだ,,,むしのしらせ,55,85,55,50,55,60,360
757,ウルガモス,むし,ほのお,ほのおのからだ,,,むしのしらせ,85,60,65,135,105,100,550
758,コバルオン,はがね,かくとう,せいぎのこころ,,,,91,90,129,90,72,108,580
759,テラキオン,いわ,かくとう,せいぎのこころ,,,,91,129,90,72,90,108,580
760,ビリジオン,くさ,かくとう,せいぎのこころ,,,,91,90,72,90,129,108,580
761,トルネロス化身,ひこう,,いたずらごころ,,,まけんき,79,115,70,125,80,111,580
762,トルネロス霊獣,ひこう,,さいせいりょく,,,,79,100,80,110,90,121,580
763,ボルトロス化身,でんき,ひこう,いたずらごころ,,,まけんき,79,115,70,125,80,111,580
764,ボルトロス霊獣,でんき,ひこう,ちくでん,,,,79,105,70,145,80,101,580
765,レシラム,ドラゴン,ほのお,ターボブレイズ,,,,100,120,100,150,120,90,680
766,ゼクロム,ドラゴン,でんき,テラボルテージ,,,,100,150,120,120,100,90,680
767,ランドロス化身,じめん,ひこう,すなのちから,,,ちからずく,89,125,90,115,80,101,600
768,ランドロス霊獣,じめん,ひこう,いかく,,,,89,145,90,105,80,91,600
769,キュレム,ドラゴン,こおり,プレッシャー,,,,125,130,90,130,90,95,660
770,ブラックキュレム,ドラゴン,こおり,テラボルテージ,,,,125,170,100,120,90,95,700
771,ホワイトキュレム,ドラゴン,こおり,ターボブレイズ,,,,125,120,90,170,100,95,700
772,ケルディオ,みず,かくとう,せいぎのこころ,,,,91,72,90,129,90,108,580
773,ケルディオ覚悟,みず,かくとう,せいぎのこころ,,,,91,72,90,129,90,108,580
774,メロエッタＶ,ノーマル,エスパー,てんのめぐみ,,,,100,77,77,128,128,90,600
775,メロエッタＳ,ノーマル,かくとう,てんのめぐみ,,,,100,128,90,77,77,128,600
776,ゲノセクト,むし,はがね,ダウンロード,,,,71,120,95,120,95,99,600
777,ハリマロン,くさ,,しんりょく,,,ぼうだん,56,61,65,48,45,38,313
778,ハリボーグ,くさ,,しんりょく,,,ぼうだん,61,78,95,56,58,57,405
779,ブリガロン,くさ,かくとう,しんりょく,,,ぼうだん,88,107,122,74,75,64,530
780,フォッコ,ほのお,,もうか,,,マジシャン,40,45,40,62,60,60,307
781,テールナー,ほのお,,もうか,,,マジシャン,59,59,58,90,70,73,409
782,マフォクシー,ほのお,エスパー,もうか,,,マジシャン,75,69,72,114,100,104,534
783,ケロマツ,みず,,げきりゅう,,,へんげんじざい,41,56,40,62,44,71,314
784,ゲコガシラ,みず,,げきりゅう,,,へんげんじざい,54,63,52,83,56,97,405
785,ゲッコウガ,みず,あく,げきりゅう,,,へんげんじざい,72,95,67,103,71,122,530
786,ホルビー,ノーマル,,ものひろい, ほおぶくろ,,ちからもち,38,36,38,32,36,57,237
787,ホルード,ノーマル,じめん,ものひろい, ほおぶくろ,,ちからもち,85,56,77,50,77,78,423
788,ヤヤコマ,ノーマル,ひこう,はとむね,,,はやてのつばさ,45,50,43,40,38,62,278
789,ヒノヤコマ,ほのお,ひこう,ほのおのからだ,,,はやてのつばさ,62,73,55,56,52,84,382
790,ファイアロー,ほのお,ひこう,ほのおのからだ,,,はやてのつばさ,78,81,71,74,69,126,499
791,コフキムシ,むし,,りんぷん, ふくがん,,フレンドガード,38,35,40,27,25,35,200
792,コフーライ,むし,,だっぴ,,,フレンドガード,45,22,60,27,30,29,213
793,ビビヨン,むし,ひこう,りんぷん, ふくがん,,フレンドガード,80,52,50,90,50,89,411
794,シシコ,ほのお,ノーマル,とうそうしん, きんちょうかん,,じしんかじょう,62,50,58,73,54,72,369
795,カエンジシ,ほのお,ノーマル,とうそうしん, きんちょうかん,,じしんかじょう,86,68,72,109,66,106,507
796,フラベベ,フェアリー,,フラワーベール,,,きょうせい,44,38,39,61,79,42,303
797,フラエッテ,フェアリー,,フラワーベール,,,きょうせい,54,45,47,75,98,52,371
798,フラエッテＡＺ,フェアリー,,フラワーベール,,,きょうせい,74,65,67,125,128,92,551
799,フラージェス,フェアリー,,フラワーベール,,,きょうせい,78,65,68,112,154,75,552
800,メェークル,くさ,,そうしょく,,,くさのけがわ,66,65,48,62,57,52,350
801,ゴーゴート,くさ,,そうしょく,,,くさのけがわ,123,100,62,97,81,68,531
802,ヤンチャム,かくとう,,てつのこぶし, かたやぶり,,きもったま,67,82,62,46,48,43,348
803,ゴロンダ,かくとう,あく,てつのこぶし, かたやぶり,,きもったま,95,124,78,69,71,58,495
804,トリミアン,ノーマル,,ファーコート,,,,75,80,60,65,90,102,472
805,ニャスパー,エスパー,,するどいめ, すりぬけ,,マイペース,62,48,54,63,60,68,355
806,ニャオニクス♂,エスパー,,するどいめ, すりぬけ,,いたずらごころ,74,48,76,83,81,104,466
807,ニャオニクス♀,エスパー,,するどいめ, すりぬけ,,かちき,74,48,76,83,81,104,466
808,ヒトツキ,はがね,ゴースト,ノーガード,,,,45,80,100,35,37,28,325
809,ニダンギル,はがね,ゴースト,ノーガード,,,,59,110,150,45,49,35,448
810,ギルガルド盾,はがね,ゴースト,バトルスイッチ,,,,60,50,140,50,140,60,500
811,ギルガルド剣,はがね,ゴースト,バトルスイッチ,,,,60,140,50,140,50,60,500
812,シュシュプ,フェアリー,,いやしのこころ,,,アロマベール,78,52,60,63,65,23,341
813,フレフワン,フェアリー,,いやしのこころ,,,アロマベール,101,72,72,99,89,29,462
814,ペロッパフ,フェアリー,,スイートベール,,,かるわざ,62,48,66,59,57,49,341
815,ペロリーム,フェアリー,,スイートベール,,,かるわざ,82,80,86,85,75,72,480
816,マーイーカ,あく,エスパー,あまのじゃく, きゅうばん,,すりぬけ,53,54,53,37,46,45,288
817,カラマネロ,あく,エスパー,あまのじゃく, きゅうばん,,すりぬけ,86,92,88,68,75,73,482
818,カメテテ,いわ,みず,かたいツメ, スナイパー,,わるいてぐせ,42,52,67,39,56,50,306
819,ガメノデス,いわ,みず,かたいツメ, スナイパー,,わるいてぐせ,72,105,115,54,86,68,500
820,クズモー,どく,みず,どくのトゲ, どくしゅ,,てきおうりょく,50,60,60,60,60,30,320
821,ドラミドロ,どく,ドラゴン,どくのトゲ, どくしゅ,,てきおうりょく,65,75,90,97,123,44,494
822,ウデッポウ,みず,,メガランチャー,,,,50,53,62,58,63,44,330
823,ブロスター,みず,,メガランチャー,,,,71,73,88,120,89,59,500
824,エリキテル,でんき,ノーマル,かんそうはだ, すながくれ,,サンパワー,44,38,33,61,43,70,289
825,エレザード,でんき,ノーマル,かんそうはだ, すながくれ,,サンパワー,62,55,52,109,94,109,481
826,チゴラス,いわ,ドラゴン,がんじょうあご,,,がんじょう,58,89,77,45,45,48,362
827,ガチゴラス,いわ,ドラゴン,がんじょうあご,,,いしあたま,82,121,119,69,59,71,521
828,アマルス,いわ,こおり,フリーズスキン,,,ゆきふらし,77,59,50,67,63,46,362
829,アマルルガ,いわ,こおり,フリーズスキン,,,ゆきふらし,123,77,72,99,92,58,521
830,ニンフィア,フェアリー,,メロメロボディ,,,フェアリースキン,95,65,65,110,130,60,525
831,ルチャブル,かくとう,ひこう,じゅうなん, かるわざ,,かたやぶり,78,92,75,74,63,118,500
832,デデンネ,でんき,フェアリー,ほおぶくろ, ものひろい,,プラス,67,58,57,81,67,101,431
833,メレシー,いわ,フェアリー,クリアボディ,,,がんじょう,50,50,150,50,150,50,500
834,ヌメラ,ドラゴン,,そうしょく, うるおいボディ,,ぬめぬめ,45,50,35,55,75,40,300
835,ヌメイル,ドラゴン,,そうしょく, うるおいボディ,,ぬめぬめ,68,75,53,83,113,60,452
836,ヌメイル:H,はがね,ドラゴン,そうしょく,ぼうじん,,シェルアーマー,58,75,83,83,113,40,452
837,ヌメルゴン,ドラゴン,,そうしょく, うるおいボディ,,ぬめぬめ,90,100,70,110,150,80,600
838,ヌメルゴン:H,はがね,ドラゴン,そうしょく,ぼうじん,,シェルアーマー,80,100,100,110,150,60,600
839,クレッフィ,はがね,フェアリー,いたずらごころ,,,マジシャン,57,80,91,80,87,75,470
840,ボクレー,ゴースト,くさ,しぜんかいふく, おみとおし,,しゅうかく,43,70,48,50,60,38,309
841,オーロット,ゴースト,くさ,しぜんかいふく, おみとおし,,しゅうかく,85,110,76,65,82,56,474
842,バケッチャ,ゴースト,くさ,ものひろい, おみとおし,,ふみん,49,66,70,44,55,51,335
843,バケッチャ（小）,ゴースト,くさ,ものひろい, おみとおし,,ふみん,44,66,70,44,55,56,335
844,バケッチャ（大）,ゴースト,くさ,ものひろい, おみとおし,,ふみん,54,66,70,44,55,46,335
845,バケッチャ（特大）,ゴースト,くさ,ものひろい, おみとおし,,ふみん,59,66,70,44,55,41,335
846,パンプジン,ゴースト,くさ,ものひろい, おみとおし,,ふみん,65,90,122,58,75,84,494
847,パンプジン（小）,ゴースト,くさ,ものひろい, おみとおし,,ふみん,55,85,122,58,75,99,494
848,パンプジン（大）,ゴースト,くさ,ものひろい, おみとおし,,ふみん,75,95,122,58,75,69,494
849,パンプジン（特大）,ゴースト,くさ,ものひろい, おみとおし,,ふみん,85,100,122,58,75,54,494
850,カチコール,こおり,,マイペース, アイスボディ,,がんじょう,55,69,85,32,35,28,304
851,クレベース,こおり,,マイペース, アイスボディ,,がんじょう,95,117,184,44,46,28,514
852,クレベース:H,こおり,いわ,がんじょうあご, アイスボディ,,がんじょう,95,127,184,34,36,38,514
853,オンバット,ひこう,ドラゴン,おみとおし, すりぬけ,,テレパシー,40,30,35,45,40,55,245
854,オンバーン,ひこう,ドラゴン,おみとおし, すりぬけ,,テレパシー,85,70,80,97,80,123,535
855,ゼルネアス,フェアリー,,フェアリーオーラ,,,,126,131,95,131,98,99,680
856,イベルタル,あく,ひこう,ダークオーラ,,,,126,131,95,131,98,99,680
857,ジガルデ（10%）,ドラゴン,じめん,オーラブレイク, スワームチェンジ,,,54,100,71,61,85,115,486
858,ジガルデ（50%）,ドラゴン,じめん,オーラブレイク, スワームチェンジ,,,108,100,121,81,95,95,600
859,ジガルデ（パーフェクト）,ドラゴン,じめん,スワームチェンジ,,,,216,100,121,91,95,85,708
860,ディアンシー,いわ,フェアリー,クリアボディ,,,,50,100,150,100,150,50,600
861,メガディアンシー,いわ,フェアリー,マジックミラー,,,,50,160,110,160,110,110,700
862,フーパ(戒め),エスパー,ゴースト,マジシャン,,,,80,110,60,150,130,70,600
863,フーパ(解放),エスパー,あく,マジシャン,,,,80,160,60,170,130,80,680
864,ボルケニオン,ほのお,みず,ちょすい,,,,80,110,120,130,90,70,600
865,モクロー,くさ,ひこう,しんりょく,,,えんかく,68,55,55,50,50,42,320
866,フクスロー,くさ,ひこう,しんりょく,,,えんかく,78,75,75,70,70,52,420
867,ジュナイパー,くさ,ゴースト,しんりょく,,,えんかく,78,107,75,100,100,70,530
868,ジュナイパー:H,くさ,かくとう,しんりょく,,,きもったま,88,112,80,95,95,60,530
869,ニャビー,ほのお,,もうか,,,いかく,45,65,40,60,40,70,320
870,ニャヒート,ほのお,,もうか,,,いかく,65,85,50,80,50,90,420
871,ガオガエン,ほのお,あく,もうか,,,いかく,95,115,90,80,90,60,530
872,アシマリ,みず,,げきりゅう,,,うるおいボイス,50,54,54,66,56,40,320
873,オシャマリ,みず,,げきりゅう,,,うるおいボイス,60,69,69,91,81,50,420
874,アシレーヌ,みず,フェアリー,げきりゅう,,,うるおいボイス,80,74,74,126,116,60,530
875,ツツケラ,ノーマル,ひこう,するどいめ, スキルリンク,,ものひろい,35,75,30,30,30,65,265
876,ケララッパ,ノーマル,ひこう,するどいめ, スキルリンク,,ものひろい,55,85,50,40,50,75,355
877,ドデカバシ,ノーマル,ひこう,するどいめ, スキルリンク,,ちからずく,80,120,75,75,75,60,485
878,ヤングース,ノーマル,,はりこみ, がんじょうあご,,てきおうりょく,48,70,30,30,30,45,253
879,デカグース,ノーマル,,はりこみ, がんじょうあご,,てきおうりょく,88,110,60,55,60,45,418
880,アゴジムシ,むし,,むしのしらせ,,,,47,62,45,55,45,46,300
881,デンヂムシ,むし,でんき,バッテリー,,,,57,82,95,55,75,36,400
882,クワガノン,むし,でんき,ふゆう,,,,77,70,90,145,75,43,500
883,マケンカニ,かくとう,,かいりきバサミ, てつのこぶし,,いかりのつぼ,47,82,57,42,47,63,338
884,ケケンカニ,かくとう,こおり,かいりきバサミ, てつのこぶし,,いかりのつぼ,97,132,77,62,67,43,478
885,"オドリドリ 
 (めらめら)",ほのお,ひこう,おどりこ,,,,75,70,70,98,70,93,476
886,"オドリドリ 
 (ぱちぱち)",でんき,ひこう,おどりこ,,,,75,70,70,98,70,93,476
887,"オドリドリ 
 (ふらふら)",エスパー,ひこう,おどりこ,,,,75,70,70,98,70,93,476
888,"オドリドリ 
 (まいまい)",ゴースト,ひこう,おどりこ,,,,75,70,70,98,70,93,476
889,アブリー,むし,フェアリー,みつあつめ, りんぷん,,スイートベール,40,45,40,55,40,84,304
890,アブリボン,むし,フェアリー,みつあつめ, りんぷん,,スイートベール,60,55,60,95,70,124,464
891,イワンコ,いわ,,するどいめ, やるき,マイペース,ふくつのこころ,45,65,40,30,40,60,280
892,ルガルガン（昼）,いわ,,するどいめ, すなかき,,ふくつのこころ,75,115,65,55,65,112,487
893,ルガルガン（夜）,いわ,,するどいめ, やるき,,ノーガード,85,115,75,55,75,82,487
894,ルガルガン（黄昏）,いわ,,かたいツメ,,,,75,117,65,55,65,110,487
895,ヨワシ,みず,,ぎょぐん,,,,45,20,20,25,25,40,175
896,ヨワシ(群れ),みず,,ぎょぐん,,,,45,140,130,140,135,30,620
897,ヒドイデ,どく,みず,ひとでなし, じゅうなん,,さいせいりょく,50,53,62,43,52,45,305
898,ドヒドイデ,どく,みず,ひとでなし, じゅうなん,,さいせいりょく,50,63,152,53,142,35,495
899,ドロバンコ,じめん,,マイペース, じきゅうりょく,,せいしんりょく,70,100,70,45,55,45,385
900,バンバドロ,じめん,,マイペース, じきゅうりょく,,せいしんりょく,100,125,100,55,85,35,500
901,シズクモ,みず,むし,すいほう,,,ちょすい,38,40,52,40,72,27,269
902,オニシズクモ,みず,むし,すいほう,,,ちょすい,68,70,92,50,132,42,454
903,カリキリ,くさ,,リーフガード,,,あまのじゃく,40,55,35,50,35,35,250
904,ラランテス,くさ,,リーフガード,,,あまのじゃく,70,105,90,80,90,45,480
905,ネマシュ,くさ,フェアリー,はっこう, ほうし,,あめうけざら,40,35,55,65,75,15,285
906,マシェード,くさ,フェアリー,はっこう, ほうし,,あめうけざら,60,45,80,90,100,30,405
907,ヤトウモリ,どく,ほのお,ふしょく,,,どんかん,48,44,40,71,40,77,320
908,エンニュート,どく,ほのお,ふしょく,,,どんかん,68,64,60,111,60,117,480
909,ヌイコグマ,ノーマル,かくとう,もふもふ, ぶきよう,,メロメロボディ,70,75,50,45,50,50,340
910,キテルグマ,ノーマル,かくとう,もふもふ, ぶきよう,,きんちょうかん,120,125,80,55,60,60,500
911,アマカジ,くさ,,リーフガード, どんかん,,スイートベール,42,30,38,30,38,32,210
912,アママイコ,くさ,,リーフガード, どんかん,,スイートベール,52,40,48,40,48,62,290
913,アマージョ,くさ,,リーフガード, じょうおうのいげん,,スイートベール,72,120,98,50,98,72,510
914,キュワワー,フェアリー,,フラワーベール, ヒーリングシフト,,しぜんかいふく,51,52,90,82,110,100,485
915,ヤレユータン,ノーマル,エスパー,せいしんりょく, テレパシー,,きょうせい,90,60,80,90,110,60,490
916,ナゲツケサル,かくとう,,レシーバー,,,まけんき,100,120,90,40,60,80,490
917,コソクムシ,むし,みず,にげごし,,,,25,35,40,20,30,80,230
918,グソクムシャ,むし,みず,ききかいひ,,,,75,125,140,60,90,40,530
919,スナバァ,ゴースト,じめん,みずがため,,,すながくれ,55,55,80,70,45,15,320
920,シロデスナ,ゴースト,じめん,みずがため,,,すながくれ,85,75,110,100,75,35,480
921,ナマコブシ,みず,,とびだすなかみ,,,てんねん,55,60,130,30,130,5,410
922,タイプ：ヌル,ノーマル,,カブトアーマー,,,,95,95,95,95,95,59,534
923,シルヴァディ,ノーマル,,ARシステム,,,,95,95,95,95,95,95,570
924,メテノ（流星）,いわ,ひこう,リミットシールド,,,,60,60,100,60,100,60,440
925,メテノ（コア）,いわ,ひこう,リミットシールド,,,,60,100,60,100,60,120,500
926,ネッコアラ,ノーマル,,ぜったいねむり,,,,65,115,65,75,95,65,480
927,バクガメス,ほのお,ドラゴン,シェルアーマー,,,,60,78,135,91,85,36,485
928,トゲデマル,でんき,はがね,てつのトゲ, ひらいしん,,がんじょう,65,98,63,40,73,96,435
929,ミミッキュ,ゴースト,フェアリー,ばけのかわ,,,,55,90,80,50,105,96,476
930,ハギギシリ,みず,エスパー,ビビッドボディ, がんじょうあご,,ミラクルスキン,68,105,70,70,70,92,475
931,ジジーロン,ノーマル,ドラゴン,ぎゃくじょう, そうしょく,,ノーてんき,78,60,85,135,91,36,485
932,ダダリン,ゴースト,くさ,はがねつかい,,,,70,131,100,86,90,40,517
933,ジャラコ,ドラゴン,,ぼうだん, ぼうおん,,ぼうじん,45,55,65,45,45,45,300
934,ジャランゴ,ドラゴン,かくとう,ぼうだん, ぼうおん,,ぼうじん,55,75,90,65,70,65,420
935,ジャラランガ,ドラゴン,かくとう,ぼうだん, ぼうおん,,ぼうじん,75,110,125,100,105,85,600
936,カプ・コケコ,でんき,フェアリー,エレキメイカー,,,テレパシー,70,115,85,95,75,130,570
937,カプ・テテフ,エスパー,フェアリー,サイコメイカー,,,テレパシー,70,85,75,130,115,95,570
938,カプ・ブルル,くさ,フェアリー,グラスメイカー,,,テレパシー,70,130,115,85,95,75,570
939,カプ・レヒレ,みず,フェアリー,ミストメイカー,,,,70,75,115,95,130,85,570
940,コスモッグ,エスパー,,てんねん,,,,43,29,31,29,31,37,200
941,コスモウム,エスパー,,がんじょう,,,,43,29,131,29,131,37,400
942,ソルガレオ,エスパー,はがね,メタルプロテクト,,,,137,137,107,113,89,97,680
943,ルナアーラ,エスパー,ゴースト,ファントムガード,,,,137,113,89,137,107,97,680
944,ウツロイド,いわ,どく,ビーストブースト,,,,109,53,47,127,131,103,570
945,マッシブーン,むし,かくとう,ビーストブースト,,,,107,139,139,53,53,79,570
946,フェローチェ,むし,かくとう,ビーストブースト,,,,71,137,37,137,37,151,570
947,デンジュモク,でんき,,ビーストブースト,,,,83,89,71,173,71,83,570
948,テッカグヤ,はがね,ひこう,ビーストブースト,,,,97,101,103,107,101,61,570
949,カミツルギ,くさ,はがね,ビーストブースト,,,,59,181,131,59,31,109,570
950,アクジキング,あく,ドラゴン,ビーストブースト,,,,223,101,53,97,53,43,570
951,ネクロズマ,エスパー,,プリズムアーマー,,,,97,107,101,127,89,79,600
952,日食ネクロズマ,エスパー,はがね,プリズムアーマー,,,,97,157,127,113,109,77,680
953,月食ネクロズマ,エスパー,ゴースト,プリズムアーマー,,,,97,113,109,157,127,77,680
954,ウルトラネクロズマ,エスパー,ドラゴン,ブレインフォース,,,,97,167,97,167,97,129,754
955,マギアナ,はがね,フェアリー,ソウルハート,,,,80,95,115,130,115,65,600
956,マーシャドー,かくとう,ゴースト,テクニシャン,,,,90,125,80,90,90,125,600
957,ベベノム,どく,,ビーストブースト,,,,67,73,67,73,67,73,420
958,アーゴヨン,どく,ドラゴン,ビーストブースト,,,,73,73,73,127,73,121,540
959,ツンデツンデ,いわ,はがね,ビーストブースト,,,,61,131,211,53,101,13,570
960,ズガドーン,ほのお,ゴースト,ビーストブースト,,,,53,127,53,151,79,107,570
961,ゼラオラ,でんき,,ちくでん,,,,88,112,75,102,80,143,600
962,メルタン,はがね,,じりょく,,,,46,65,65,55,35,34,300
963,メルメタル,はがね,,てつのこぶし,,,,135,143,143,80,65,34,600
964,サルノリ,くさ,,しんりょく,,,グラスメイカー,50,65,50,40,40,65,310
965,バチンキー,くさ,,しんりょく,,,グラスメイカー,70,85,70,55,60,80,420
966,ゴリランダー,くさ,,しんりょく,,,グラスメイカー,100,125,90,60,70,85,530
967,ヒバニー,ほのお,,もうか,,,リベロ,50,71,40,40,40,69,310
968,ラビフット,ほのお,,もうか,,,リベロ,65,86,60,55,60,94,420
969,エースバーン,ほのお,,もうか,,,リベロ,80,116,75,65,75,119,530
970,メッソン,みず,,げきりゅう,,,スナイパー,50,40,40,70,40,70,310
971,ジメレオン,みず,,げきりゅう,,,スナイパー,65,60,55,95,55,90,420
972,インテレオン,みず,,げきりゅう,,,スナイパー,70,85,65,125,65,120,530
973,ホシガリス,ノーマル,,ほおぶくろ,,,くいしんぼう,70,55,55,35,35,25,275
974,ヨクバリス,ノーマル,,ほおぶくろ,,,くいしんぼう,120,95,95,55,75,20,460
975,ココガラ,ひこう,,するどいめ,きんちょうかん,,はとむね,38,47,35,33,35,57,245
976,アオガラス,ひこう,,するどいめ,きんちょうかん,,はとむね,68,67,55,43,55,77,365
977,アーマーガア,ひこう,はがね,プレッシャー,きんちょうかん,,ミラーアーマー,98,87,105,53,85,67,495
978,サッチムシ,むし,,むしのしらせ,ふくがん,,テレパシー,25,20,20,25,45,45,180
979,レドームシ,むし,エスパー,むしのしらせ,ふくがん,,テレパシー,50,35,80,50,90,30,335
980,イオルブ,むし,エスパー,むしのしらせ,おみとおし,,テレパシー,60,45,110,80,120,90,505
981,クスネ,あく,,にげあし,かるわざ,,はりこみ,40,28,28,47,52,50,245
982,フォクスライ,あく,,にげあし,かるわざ,,はりこみ,70,58,58,87,92,90,455
983,ヒメンカ,くさ,,わたげ,さいせいりょく,,ほうし,40,40,60,40,60,10,250
984,ワタシラガ,くさ,,わたげ,さいせいりょく,,ほうし,60,50,90,80,120,60,460
985,ウール―,ノーマル,,もふもふ,にげあし,,ぼうだん,42,40,55,40,45,48,270
986,バイウール―,ノーマル,,もふもふ,ふくつのこころ,,ぼうだん,72,80,100,60,90,88,490
987,カムカメ,みず,,がんじょうあご,シェルアーマー,,すいすい,50,64,50,38,38,44,284
988,カジリガメ,みず,いわ,がんじょうあご,シェルアーマー,,すいすい,90,115,90,48,68,74,485
989,ワンパチ,でんき,,たまひろい,,,びびり,59,45,50,40,50,26,270
990,パルスワン,でんき,,がんじょうあご,,,かちき,69,90,60,90,60,121,490
991,タンドン,いわ,,じょうききかん,たいねつ,,もらいび,30,40,50,40,50,30,240
992,トロッゴン,いわ,ほのお,じょうききかん,ほのおのからだ,,もらいび,80,60,90,60,70,50,410
993,セキタンザン,いわ,ほのお,じょうききかん,ほのおのからだ,,もらいび,110,80,120,80,90,30,510
994,カジッチュ,くさ,ドラゴン,じゅくせい,くいしんぼう,,ぼうだん,40,40,80,40,40,20,260
995,アップリュー,くさ,ドラゴン,じゅくせい,くいしんぼう,,はりきり,70,110,80,95,60,70,485
996,タルップル,くさ,ドラゴン,じゅくせい,くいしんぼう,,あついしぼう,110,85,80,100,80,30,485
997,スナヘビ,じめん,,すなはき,だっぴ,,すながくれ,52,57,75,35,50,46,315
998,サダイジャ,じめん,,すなはき,だっぴ,,すながくれ,72,107,125,65,70,71,510
999,ウッウ,ひこう,みず,うのミサイル,,,,70,85,55,85,95,85,475
1000,サシカマス,みず,,すいすい,,,スクリューおびれ,41,63,40,40,30,66,280
1001,カマスジョー,みず,,すいすい,,,スクリューおびれ,61,123,60,60,50,136,490
1002,エレズン,でんき,どく,びびり,せいでんき,,ぶきよう,40,38,35,54,35,40,242
1003,ストリンダ―（ハイ）,でんき,どく,パンクロック,プラス,,テクニシャン,75,98,70,114,70,75,502
1004,ストリンダ―（ロー）,でんき,どく,パンクロック,マイナス,,テクニシャン,75,98,70,114,70,75,502
1005,ヤクデ,ほのお,むし,もらいび,しろいけむり,,ほのおのからだ,50,65,45,50,50,45,305
1006,マルヤクデ,ほのお,むし,もらいび,しろいけむり,,ほのおのからだ,100,115,65,90,90,65,525
1007,タタッコ,かくとう,,じゅうなん,,,テクニシャン,50,68,60,50,50,32,310
1008,オトスパス,かくとう,,じゅうなん,,,テクニシャン,80,118,90,70,80,42,480
1009,ヤバチャ（贋作）,ゴースト,,くだけるよろい,,,のろわれボディ,40,45,45,74,54,50,308
1010,ヤバチャ（真作）,ゴースト,,くだけるよろい,,,のろわれボディ,40,45,45,74,54,50,308
1011,ポットデス（贋作）,ゴースト,,くだけるよろい,,,のろわれボディ,60,65,65,134,114,70,508
1012,ポットデス（真作）,ゴースト,,くだけるよろい,,,のろわれボディ,60,65,65,134,114,70,508
1013,ミブリム,エスパー,,いやしのこころ,きけんよち,,マジックミラー,42,30,45,56,53,39,265
1014,テブリム,エスパー,,いやしのこころ,きけんよち,,マジックミラー,57,40,65,86,73,49,370
1015,ブリムオン,エスパー,フェアリー,いやしのこころ,きけんよち,,マジックミラー,57,90,95,136,103,29,510
1016,ベロバー,あく,フェアリー,いたずらごころ,おみとおし,,わるいてぐせ,45,45,30,55,40,50,265
1017,ギモー,あく,フェアリー,いたずらごころ,おみとおし,,わるいてぐせ,65,60,45,75,55,70,370
1018,オーロンゲ,あく,フェアリー,いたずらごころ,おみとおし,,わるいてぐせ,95,120,65,95,75,60,510
1019,タチフサグマ,あく,ノーマル,すてみ,こんじょう,,まけんき,93,90,101,60,81,95,520
1020,ニャイキング,はがね,,カブトアーマー,かたいツメ,,はがねのせいしん,70,110,100,50,60,50,440
1021,サニゴーン,ゴースト,,くだけるよろい,,,ほろびのボディ,60,95,50,145,130,30,510
1022,ネギガナイト,かくとう,,ふくつのこころ,,,きもったま,62,135,95,68,82,65,507
1023,バリコオル,こおり,エスパー,ちどりあし,バリアフリー,,アイスボディ,80,85,75,110,100,70,520
1024,デスバーン,じめん,ゴースト,さまようたましい,,,,58,95,145,50,105,30,483
1025,マホミル,フェアリー,,スイートベール,,,アロマベール,45,40,40,50,61,34,270
1026,マホイップ,フェアリー,,スイートベール,,,アロマベール,65,60,75,110,121,64,495
1027,タイレーツ,かくとう,,カブトアーマー,,,まけんき,65,100,100,70,60,75,470
1028,バチンウニ,でんき,,ひらいしん,,,エレキメイカー,48,101,95,91,85,15,435
1029,ユキハミ,こおり,むし,りんぷん,,,こおりのりんぷん,30,25,35,45,30,20,185
1030,モスノウ,こおり,むし,りんぷん,,,こおりのりんぷん,70,65,60,125,90,65,475
1031,イシヘンジン,いわ,,パワースポット,,,,100,125,135,20,20,70,470
1032,コオリッポA,こおり,,アイスフェイス,,,,75,80,110,65,90,50,470
1033,コオリッポN,こおり,,ナイスフェイス,,,,75,80,70,65,50,130,470
1034,イエッサン♂,エスパー,ノーマル,せいしんりょく,シンクロ,,サイコメイカー,60,65,55,105,95,95,475
1035,イエッサン♀,エスパー,ノーマル,せいしんりょく,シンクロ,,サイコメイカー,70,55,65,95,105,85,475
1036,モルペコ,でんき,あく,はらぺこスイッチ,,,,58,95,58,70,58,97,436
1037,ゾウドウ,はがね,,ちからずく,,,ヘヴィメタル,72,80,49,40,49,40,330
1038,ダイオウドウ,はがね,,ちからずく,,,ヘヴィメタル,122,130,69,80,69,30,500
1039,パッチラゴン,でんき,ドラゴン,ちくでん,はりきり,,すなかき,90,100,90,80,70,75,505
1040,パッチルドン,でんき,こおり,ちくでん,せいでんき,,ゆきかき,90,100,90,90,80,55,505
1041,ウオノラゴン,みず,ドラゴン,ちょすい,がんじょうあご,,すなかき,90,90,100,70,80,75,505
1042,ウオチルドン,みず,こおり,ちょすい,アイスボディ,,ゆきかき,90,90,100,80,90,55,505
1043,ジュラルドン,はがね,ドラゴン,ライトメタル,ヘヴィメタル,,すじがねいり,70,95,115,120,50,85,535
1044,ドラメシヤ,ドラゴン,ゴースト,クリアボディ,すりぬけ,,のろわれボディ,28,60,30,40,30,82,270
1045,ドロンチ,ドラゴン,ゴースト,クリアボディ,すりぬけ,,のろわれボディ,68,80,50,60,50,102,410
1046,ドラパルト,ドラゴン,ゴースト,クリアボディ,すりぬけ,,のろわれボディ,88,120,75,100,75,142,600
1047,ザシアン歴戦,フェアリー,,ふとうのけん,,,,92,120,115,80,115,138,660
1048,ザシアン剣王,フェアリー,はがね,ふとうのけん,,,,92,150,115,80,115,148,700
1049,ザマゼンタ歴戦,かくとう,,ふとうのたて,,,,92,120,115,80,115,138,660
1050,ザマゼンタ盾王,かくとう,はがね,ふとうのたて,,,,92,120,140,80,140,128,700
1051,ムゲンダイナ,どく,ドラゴン,プレッシャー,,,,140,85,95,145,95,130,690
1052,ダクマ,かくとう,,せいしんりょく,,,ノーガード,60,90,60,53,50,72,385
1053,ウーラオス一撃,かくとう,あく,ふかしのこぶし,,,,100,130,100,63,60,97,550
1054,ウーラオス連撃,かくとう,みず,ふかしのこぶし,,,,100,130,100,63,60,97,550
1055,ザルード,あく,くさ,リーフガード,,,,105,120,105,70,95,105,600
1056,レジエレキ,でんき,,トランジスタ,,,,80,100,50,100,50,200,580
1057,レジドラゴ,ドラゴン,,りゅうのあぎと,,,,200,100,50,100,50,80,580
1058,ブリザポス,こおり,,しろのいななき,,,,100,145,130,65,110,30,580
1059,レイスポス,ゴースト,,くろのいななき,,,,100,65,60,145,80,130,580
1060,バドレックス,エスパー,くさ,きんちょうかん,,,,100,80,80,80,80,80,500
1061,バドレックス（はくばじょう）,エスパー,こおり,じんばいったい,,,,100,165,150,85,130,50,680
1062,バドレックス（こくばじょう）,エスパー,ゴースト,じんばいったい,,,,100,85,80,165,100,150,680
1063,アヤシシ,ノーマル,エスパー,いかく, おみとおし,,そうしょく,103,105,72,105,75,65,525
1064,バサギリ,むし,いわ,むしのしらせ,ちからずく,,きれあじ,70,130,95,45,75,85,500
1065,ガチグマ,じめん,ノーマル,こんじょう,ぼうだん,,きんちょうかん,130,140,105,45,80,50,550
1066,ガチグマ（赤月）,じめん,ノーマル,しんがん,ぼうだん,,いかく,113,70,120,135,65,52,555
1067,イダイトウ♂,みず,ゴースト,すいすい, てきおうりょく,,かたやぶり,120,112,65,80,75,78,530
1068,イダイトウ♀,みず,ゴースト,すいすい, てきおうりょく,,かたやぶり,120,92,65,100,75,78,530
1069,オオニューラ,かくとう,どく,プレッシャー,かるわざ,,わるいてぐせ,80,130,60,40,80,120,510
1070,ハリーマン,あく,どく,どくのトゲ, すいすい,,いかく,85,115,95,65,65,85,510
1071,ラブトロス（化身）,フェアリー,ひこう,メロメロボディ,,,あまのじゃく,74,115,70,135,80,106,580
1072,ラブトロス（霊獣）,フェアリー,ひこう,ぼうじん,,,,74,115,110,135,100,46,580
1073,ニャオハ,くさ,,しんりょく,,,へんげんじざい,40,61,54,45,45,65,310
1074,ニャローテ,くさ,,しんりょく,,,へんげんじざい,61,80,63,60,63,83,410
1075,マスカーニャ,くさ,あく,しんりょく,,,へんげんじざい,76,110,70,81,70,123,530
1076,ホゲータ,ほのお,,もうか,,,てんねん,67,45,59,63,40,36,310
1077,アチゲータ,ほのお,,もうか,,,てんねん,81,55,78,90,58,49,411
1078,ラウドボーン,ほのお,ゴースト,もうか,,,てんねん,104,75,100,110,75,66,530
1079,クワッス,みず,,げきりゅう,,,じしんかじょう,55,65,45,50,45,50,310
1080,ウェルカモ,みず,,げきりゅう,,,じしんかじょう,70,85,65,65,60,65,410
1081,ウェーニバル,みず,かくとう,げきりゅう,,,じしんかじょう,85,120,80,85,75,85,530
1082,グルトン,ノーマル,,アロマベール,くいしんぼう,,あついしぼう,54,45,40,35,45,35,254
1083,パフュートン♂,ノーマル,,とれないにおい,くいしんぼう,,あついしぼう,110,100,75,59,80,65,489
1084,パフュートン♀,ノーマル,,アロマベール,くいしんぼう,,あついしぼう,115,90,70,59,90,65,489
1085,タマンチュラ,むし,,ふみん,,,はりこみ,35,41,45,29,40,20,210
1086,ワナイダー,むし,,ふみん,,,はりこみ,60,79,92,52,86,35,404
1087,マメバッタ,むし,,むしのしらせ,,,いろねがね,33,46,40,21,25,45,210
1088,エクスレッグ,むし,あく,むしのしらせ,,,いろねがね,71,102,78,52,55,92,450
1089,パモ,でんき,,せいでんき,しぜんかいふく,,てつのこぶし,45,50,20,40,25,60,240
1090,パモット,でんき,かくとう,ちくでん,しぜんかいふく,,てつのこぶし,60,75,40,50,40,85,350
1091,パーモット,でんき,かくとう,ちくでん,しぜんかいふく,,てつのこぶし,70,115,70,70,60,105,490
1092,ワッカネズミ,ノーマル,,にげあし,ものひろい,,マイペース,50,50,45,40,45,75,305
1093,イッカネズミ（3ひき家族）,ノーマル,,フレンドガード,ほおぶくろ,,テクニシャン,74,75,70,65,75,111,470
1094,イッカネズミ（4ひき家族）,ノーマル,,フレンドガード,ほおぶくろ,,テクニシャン,74,75,70,65,75,111,470
1095,パピモッチ,フェアリー,,マイペース,,,ぶきよう,37,55,70,30,55,65,312
1096,バウッツェル,フェアリー,,こんがりボディ,,,アロマベール,57,80,115,50,80,95,477
1097,ミニーブ,くさ,ノーマル,はやおき,,,しゅうかく,41,35,45,58,51,30,260
1098,オリ―ニョ,くさ,ノーマル,はやおき,,,しゅうかく,52,53,60,78,78,33,354
1099,オリーヴァ,くさ,ノーマル,こぼれダネ,,,しゅうかく,78,69,90,125,109,39,510
1100,イキリンコ（グリーン）,ノーマル,ひこう,いかく,はりきり,,こんじょう,82,96,51,45,51,92,417
1101,イキリンコ（ブルー）,ノーマル,ひこう,いかく,はりきり,,こんじょう,82,96,51,45,51,92,417
1102,イキリンコ（イエロー）,ノーマル,ひこう,いかく,はりきり,,こんじょう,82,96,51,45,51,92,417
1103,イキリンコ（ホワイト）,ノーマル,ひこう,いかく,はりきり,,こんじょう,82,96,51,45,51,92,417
1104,コジオ,いわ,,きよめのしお,がんじょう,,クリアボディ,55,55,75,35,35,25,280
1105,ジオヅム,いわ,,きよめのしお,がんじょう,,クリアボディ,60,60,100,35,65,35,355
1106,キョジオーン,いわ,,きよめのしお,がんじょう,,クリアボディ,100,100,130,45,90,35,500
1107,カルボウ,ほのお,,もらいび,,,ほのおのからだ,40,50,40,50,40,35,255
1108,グレンアルマ,ほのお,エスパー,もらいび,,,くだけるよろい,85,60,100,125,80,75,525
1109,ソウブレイズ,ほのお,ゴースト,もらいび,,,くだけるよろい,75,125,80,60,100,85,525
1110,ズピカ,でんき,,マイペース,せいでんき,,しめりけ,61,31,41,59,35,45,272
1111,ハラバリー,でんき,,でんきにかえる,せいでんき,,しめりけ,109,64,91,103,83,45,495
1112,カイデン,ひこう,でんき,ふうりょくでんき,ちくでん,,かちき,40,40,35,55,40,70,280
1113,タイカイデン,ひこう,でんき,ふうりょくでんき,ちくでん,,かちき,70,70,60,105,60,125,490
1114,オラチフ,あく,,いかく,にげあし,,はりこみ,60,78,60,40,51,51,340
1115,マフィティフ,あく,,いかく,ばんけん,,はりこみ,80,120,90,60,70,85,505
1116,シルシュル―,どく,ノーマル,かるわざ,わるいてぐせ,,いたずらごころ,40,65,35,40,35,75,290
1117,タギングル,どく,ノーマル,かるわざ,どくしゅ,,いたずらごころ,63,95,65,80,72,110,485
1118,アノクサ,くさ,ゴースト,かぜのり,,,すりぬけ,40,65,30,45,35,60,275
1119,アノホラグサ,くさ,ゴースト,かぜのり,,,すりぬけ,55,115,70,80,70,90,480
1120,ノノクラゲ,くさ,じめん,きんしのちから,,,,40,40,35,50,100,70,335
1121,リククラゲ,くさ,じめん,きんしのちから,,,,80,70,65,80,120,100,515
1122,ガケガニ,いわ,,いかりのこうら,シェルアーマー,,さいせいりょく,70,100,115,35,55,75,450
1123,カプサイジ,くさ,ほのお,ようりょくそ,ふみん,,ぶきよう,50,62,40,62,40,50,304
1124,スコヴィラン,くさ,ほのお,ようりょくそ,ふみん,,ムラっけ,65,108,65,108,65,75,486
1125,シガロコ,むし,,ふくがん,,,だっぴ,41,50,60,31,58,30,270
1126,ベラカス,むし,エスパー,シンクロ,,,テレパシー,75,50,85,115,100,45,470
1127,ヒラヒナ,エスパー,,きけんよち,おみとおし,,かそく,30,35,30,55,30,75,255
1128,クエスパトラ,エスパー,,びんじょう,おみとおし,,かそく,95,60,60,101,60,105,481
1129,カヌチャン,フェアリー,はがね,かたやぶり,マイペース,,わるいてぐせ,50,45,45,35,64,58,297
1130,ナカヌチャン,フェアリー,はがね,かたやぶり,マイペース,,わるいてぐせ,65,55,55,45,82,78,380
1131,デカヌチャン,フェアリー,はがね,かたやぶり,マイペース,,わるいてぐせ,85,75,77,70,105,94,506
1132,ウミディグダ,みず,,ぬめぬめ,びびり,,すながくれ,10,55,25,35,25,95,245
1133,ウミトリオ,みず,,ぬめぬめ,びびり,,すながくれ,35,100,50,50,70,120,425
1134,オトシドリ,ひこう,あく,はとむね,するどいめ,,いわはこび,70,103,85,60,85,82,485
1135,ナミイルカ,みず,,みずのベール,,,,70,45,40,45,40,75,315
1136,イルカマン（ナイーブ）,みず,,マイティチェンジ,,,,100,70,72,53,62,100,457
1137,イルカマン（ヒーロー）,みず,,マイティチェンジ,,,,100,160,97,106,87,100,650
1138,ブロロン,どく,はがね,ぼうじん,,,スロースタート,45,70,63,30,45,47,300
1139,ブロロローム,どく,はがね,ぼうじん,,,フィルター,80,119,90,54,67,90,500
1140,モトトカゲ,ドラゴン,ノーマル,だっぴ,,,さいせいりょく,70,95,65,85,65,121,501
1141,ミミズズ,はがね,,どしょく,,,すながくれ,70,85,145,60,55,65,480
1142,キラーメ,どく,いわ,どくげしょう,,,ふしょく,48,35,42,105,60,60,350
1143,キラフロル,どく,いわ,どくげしょう,,,ふしょく,83,55,90,130,81,86,525
1144,ボチ,ゴースト,,ものひろい,,,もふもふ,50,61,60,30,55,34,290
1145,ハカドッグ,ゴースト,,すなかき,,,もふもふ,72,101,100,50,97,68,488
1146,カラミンゴ,ひこう,かくとう,きもったま,ちどりあし,,きょうえん,82,115,74,75,64,90,500
1147,アルクジラ,こおり,,あついしぼう,ゆきがくれ,,ちからずく,108,68,45,30,40,43,334
1148,ハルクジラ,こおり,,あついしぼう,ゆきかき,,ちからずく,170,113,65,45,55,73,521
1149,ミガル―サ,みず,エスパー,かたやぶり,,,きれあじ,90,102,73,78,65,70,478
1150,ヘイラッシャ,みず,,てんねん,どんかん,,みずのベール,150,100,115,65,65,35,530
1151,シャリタツ：たれた姿,ドラゴン,みず,しれいとう,,,よびみず,68,50,60,120,95,82,475
1152,シャリタツ：そった姿,ドラゴン,みず,しれいとう,,,よびみず,68,50,60,120,95,82,475
1153,シャリタツ：のびた姿,ドラゴン,みず,しれいとう,,,よびみず,68,50,60,120,95,82,475
1154,コノヨザル,かくとう,ゴースト,やるき,せいしんりょく,,まけんき,110,115,80,50,90,90,535
1155,ドオー,どく,じめん,どくのトゲ,ちょすい,,てんねん,130,75,60,45,100,20,430
1156,ノココッチ（ふたふしフォルム）,ノーマル,,てんのめぐみ,にげあし,,びびり,125,100,80,85,75,55,520
1157,ノココッチ（みつふしフォルム）,ノーマル,,てんのめぐみ,にげあし,,びびり,125,100,80,85,75,55,520
1158,リキキリン,ノーマル,エスパー,はんすう,テイルアーマー,,そうしょく,120,90,70,110,70,60,520
1159,ドドゲザン,あく,はがね,まけんき,そうだいしょう,,プレッシャー,100,135,120,60,85,50,550
1160,イダイナキバ,じめん,かくとう,こだいかっせい,,,,115,131,131,53,53,87,570
1161,サケブシッポ,フェアリー,エスパー,こだいかっせい,,,,115,65,99,65,115,111,570
1162,アラブルタケ,くさ,あく,こだいかっせい,,,,111,127,99,79,99,55,570
1163,ハバタクカミ,ゴースト,フェアリー,こだいかっせい,,,,55,55,55,135,135,135,570
1164,チヲハウハネ,むし,かくとう,こだいかっせい,,,,85,135,79,85,105,81,570
1165,スナノケガワ,でんき,じめん,こだいかっせい,,,,85,81,97,121,85,101,570
1166,テツノワダチ,じめん,はがね,クォークチャージ,,,,90,112,120,72,70,106,570
1167,テツノツツミ,こおり,みず,クォークチャージ,,,,56,80,114,124,60,136,570
1168,テツノカイナ,かくとう,でんき,クォークチャージ,,,,154,140,108,50,68,50,570
1169,テツノコウベ,あく,ひこう,クォークチャージ,,,,94,80,86,122,80,108,570
1170,テツノドクガ,ほのお,どく,クォークチャージ,,,,80,70,60,140,110,110,570
1171,テツノイバラ,いわ,でんき,クォークチャージ,,,,100,134,110,70,84,72,570
1172,セビエ,ドラゴン,こおり,ねつこうかん,,,アイスボディ,65,75,45,35,45,55,320
1173,セゴール,ドラゴン,こおり,ねつこうかん,,,アイスボディ,90,95,66,45,65,62,423
1174,セグレイブ,ドラゴン,こおり,ねつこうかん,,,アイスボディ,115,145,92,75,86,87,600
1175,コレクレー（はこフォルム）,ゴースト,,びびり,,,,45,30,70,75,70,10,300
1176,コレクレー（とほフォルム）,ゴースト,,にげあし,,,,,,,,,,
1177,サーフゴー,ゴースト,はがね,おうごんのからだ,,,,87,60,95,133,91,84,550
1178,チオンジェン,あく,くさ,わざわいのおふだ,,,,85,85,100,95,135,70,570
1179,パオジアン,あく,こおり,わざわいのつるぎ,,,,80,120,80,90,65,135,570
1180,ディンルー,あく,じめん,わざわいのうつわ,,,,155,110,125,55,80,45,570
1181,イーユイ,あく,ほのお,わざわいのたま,,,,55,80,80,135,120,100,570
1182,トドロクツキ,ドラゴン,あく,こだいかっせい,,,,105,139,71,55,101,119,590
1183,テツノブジン,かくとう,フェアリー,クォークチャージ,,,,74,130,90,120,60,116,590
1184,コライドン,かくとう,ドラゴン,ひひいろのこどう,,,,100,135,115,85,100,135,670
1185,ミライドン,でんき,ドラゴン,ハドロンエンジン,,,,100,85,100,135,115,135,670
1186,ウネルミナモ,みず,ドラゴン,こだいかっせい,,,,99,83,91,125,83,109,590
1187,テツノイサハ,くさ,エスパー,クォークチャージ,,,,90,130,88,70,108,104,590
1188,カミッチュ,くさ,ドラゴン,かんろなミツ,くいしんぼう,,ねんちゃく,80,80,110,95,80,40,485
1189,チャデス,くさ,ゴースト,おもてなし,,,たいねつ,40,45,45,74,54,50,308
1190,ヤバソチャ,くさ,ゴースト,おもてなし,,,たいねつ,71,60,106,121,80,70,508
1191,イイネイヌ,どく,かくとう,どくのくさり,,,ばんけん,88,128,115,58,86,80,555
1192,マシマシラ,どく,エスパー,どくのくさり,,,おみとおし,88,91,82,70,125,99,555
1193,キチキギス,どく,フェアリー,どくのくさり,,,テクニシャン,88,75,66,130,90,106,555
1194,オーガポン（みどり）,くさ,,まけんき,,,,80,120,84,60,96,110,550
1195,オーガポン（かまど）,くさ,ほのお,かたやぶり,,,,80,120,84,60,96,110,550
1196,オーガポン（いど）,くさ,みず,ちょすい,,,,80,120,84,60,96,110,550
1197,オーガポン（いしずえ）,くさ,いわ,がんじょう,,,,80,120,84,60,96,110,550
1198,オーガポン（テラスタル）,くさ,各フォルム参照,おもかげやどし,,,,80,120,84,60,96,110,550
1199,ブリジュラス,はがね,ドラゴン,じきゅうりょく,がんじょう,,,90,105,130,125,65,85,600
1200,カミツオロチ,くさ,ドラゴン,,,,,106,80,110,120,80,44,540
1201,ウガツホムラ,ほのお,ドラゴン,こだいかっせい,,,,105,115,121,65,93,91,590
1202,タケルライコ,でんき,ドラゴン,こだいかっせい,,,,125,73,91,137,89,75,590
1203,テツノイワオ,いわ,エスパー,クォークチャージ,,,,90,120,80,68,108,124,590
1204,テツノカシラ,はがね,エスパー,クォークチャージ,,,,90,72,100,122,108,98,590
1205,テラパゴス（ノーマル）,ノーマル,,テラスチェンジ,,,,90,65,85,65,85,60,450
1206,テラパゴス（テラスタル）,ノーマル,,テラスシェル,,,,95,95,110,105,110,85,600
1207,テラパゴス（ステラ）,ノーマル,,ゼロフォーミング,,,,160,105,110,130,110,85,700
1208,モモワロウ,どく,ゴースト,どくくぐつ,,,,88,88,160,88,88,88,600
